titre,prix,note,nb_avis
Results,,,Check each product page for other buying options.
"Skullcandy Crusher Evo Wireless Bluetooth Headphones with Multi-Sensory Bass and Charging Cable, Noise Isolating Over-Ear Fit, Up to 40 Hours Battery, Microphone for iPhone Android - True Black",$94.99,4.7 out of 5 stars,"4,214"
"Soundcore Anker Life Q20 Hybrid Active Noise Cancelling Headphones, Wireless Over Ear Bluetooth Headphones, 70H Playtime, Hi-Res Audio, Deep Bass, Memory Foam Ear Cups, Travel, Office, USB-C Charging",$37.99,4.4 out of 5 stars,"2,666"
"Wireless Earbuds Bluetooth Headphones, Ear Buds with Touch Screen, ANC ENC Noise Cancelling Transparency Mode, 40H Stereo Deep Bass, IPX7 Waterproof, Clear Calls, 5 EQ for iOS Android (Black)",,4.9 out of 5 stars,444
Wireless Earbuds Bluetooth Headphones 80hrs Playback Ear Buds Power Display with Noise Canceling Mic Headsets for Sports/Workout/Running Black,$16.99,4.9 out of 5 stars,"1,531"
"havit Active Noise Cancelling Headphones, Wireless Headphones Over Ear, Foldable Bluetooth 5.3 Over The Ear Headphone, 50H Playtime, HD Stereo Sound, Custom EQ via App for Travel, Office, Home",$31.44,4.4 out of 5 stars,Products highlighted as 'Overall Pick' are:
Recently bought and rated,$17.99,4.5 out of 5 stars,| 4+ stars and rising in past 90 days
"RORSOU B10 Bluetooth Headphones Over Ear, Lightweight Folding Stereo Bass Wireless Headset with Mic, 50H Playtime, Volume Control, Bluetooth 5.3 Headphones for iPad/Travel/Tablet/PC (Black)",$17.99,4.5 out of 5 stars,"1,799"
"Y01 Wireless Over Ear Headphones, Noise Canceling Bluetooth 5.3 Headphones with Microphones,Hi-Res Audio,48H Playtime,Foldable,Breathable Soft Earpads for iOS/Android/Samsung/PC-Space Grey",$39.90,4.2 out of 5 stars,419
"Wireless Headphones for TV Watching with Charging Dock & RF Transmitter, Senior-Friendly Over Ear TV Headset, Compatible with Most Televisions",$56.40,4.2 out of 5 stars,306
"MOVSSOU E7 Active Noise Cancelling Headphones Bluetooth Headphones Wireless Headphones Over Ear with Microphone Deep Bass, Comfortable Protein Earpads, 30 Hours Playtime for Travel/Work, Black",$39.93,4.3 out of 5 stars,"15,389"
Wireless Bluetooth Headphones Over Ear 65H Playtime HiFi Stereo Headset with Microphone and 6EQ Modes Foldable Bluetooth V5.3 Headphones for Travel Smartphone Computer Laptop,$18.98,4.6 out of 5 stars,"9,836"
More results,,,
"BERIBES Bluetooth Headphones Over Ear, 65H Playtime and 6 EQ Music Modes Wireless Headphones with Microphone, HiFi Stereo Foldable Lightweight Headsets, Deep Bass for Home Office Cellphone PC Ect.",$19.98,4.5 out of 5 stars,"41,508"
"PHILIPS TAT1108 Wireless Earbuds,True Wireless Headphones,Powerful Bass with 6 mm Driver,Clear Call with AI Mic,15-Hour Battery Life,Bluetooth v5.3,IPX4 Rating,Ergonomic Design for Comfort,Black",$34.95,3.9 out of 5 stars,"6,011"
More results,,,
"Sony WH-CH520 Wireless Headphones Bluetooth On-Ear Headset with Microphone and up to 50 Hours Battery Life with Quick Charging, Blue",,4.5 out of 5 stars,"22,208"
"Marshall Major V On-Ear Bluetooth Headphone, Black",$99.99,4.5 out of 5 stars,"1,252"
More results,,,
"Bluetooth Earbuds Wireless Headphones, 50Hrs Playtime Stereo Sound Earphones with IPX7 Waterproof Open Ear Buds, Ideal for Fitness, Travel",$22.08,4.9 out of 5 stars,538
Wireless Earbuds ANC Noise Cancelling Bluetooth 5.3 Headphones 90 Hrs Playtime Earbuds with Wireless Charging Case Power Display Over-Ear Earphones with Earhooks Waterproof Stereo for Android Phone,$69.99,5.0 out of 5 stars,224
"NDO Wireless Earbuds Bluetooth 5.3 Headphones Sport,IPX7 Waterproof Sports Earphones with Earhooks,48H Playtime,Lightweight 7.8g,Fast Charging Case,Noise Cancelling Mic for Running Gym Workout-Black",$22.99,5.0 out of 5 stars,"2,042"
"True Wireless Bone Conduction Earphones, OWS Open Ear Headphones with Earhooks, Bluetooth 5.3, Up to 60H Playtime with Case, IP68, AAC/SBC, for Cycling Yoga Workouts",$67.98,4.3 out of 5 stars,920
"Wireless Earbuds, Bluetooth Ear Buds Headphones with LED Charging Case, Deep Bass Stereo Sound, 40 Hours Playtime, IP7, Lightweight in-Ear Earphones for iPhone Android Sports Workout",$21.99,5.0 out of 5 stars,"3,475"
"Soundcore Anker Life Q20 Hybrid Active Noise Cancelling Headphones, Wireless Over Ear Bluetooth Headphones, 70H Playtime, Hi-Res Audio, Deep Bass, Memory Foam Ear Cups, Travel, Office, USB-C Charging",$37.99,4.4 out of 5 stars,"2,666"
"KVIDIO Bluetooth Headphones Over Ear, 65 Hours Playtime Wireless Headphones with Microphone, Foldable Lightweight Headset with Deep Bass, HiFi Stereo Sound Low Latency for Travel Work Cellphone",$18.27,4.5 out of 5 stars,"28,201"
"Sony WH-CH720N Noise Canceling Wireless Headphones Bluetooth Over The Ear Headset with Microphone and Alexa Built-in, Black New",$78.00,4.4 out of 5 stars,"10,482"
"TOZO Hybrid Active Noise Cancelling Wireless Earbuds, 6 Mics ENC Clear Call, IPX8 Waterproof, in Ear Bluetooth 5.3 Headphones Stereo Bass Ear Buds 59H Playtime with LED Display 32 EQs via APP",$27.98,4.4 out of 5 stars,"7,866"
"JBL Tune 520BT - Wireless On-Ear Headphones, Up to 57H Battery Life and Speed Charge, Lightweight, Comfortable and Foldable Design, Hands-Free Calls with Voice Aware (Blue)",$39.95,4.6 out of 5 stars,"6,190"
"Wireless Earbuds, Bluetooth 5.4 Headphones Bass Stereo, Bluetooth Earbuds with Noise Cancelling Mic, IP7 Waterproof in Ear Earphones, 36H LED Display Ear Buds for Laptop Pad Phones Sports, Black",$19.99,4.9 out of 5 stars,659
"Wireless Earbuds Bluetooth 5.3 Headphones Sports, 48Hrs Playback Over Ear Buds with CVC8.0 Mic, Bass Stereo Bluetooth Earbuds with Earhooks, LED Display, IP7 Waterproof Earphones for Workout/Running",$21.24,4.6 out of 5 stars,427
"Uliptz Wireless Bluetooth Headphones, 65H Playtime, 6 EQ Sound Modes, HiFi Stereo Over Ear Headphones with Microphone, Foldable Lightweight Bluetooth 5.3 Headphone for Travel/Office/Cellphone/PC",$14.98,4.5 out of 5 stars,"11,693"
"Wireless Earbuds, Bluetooth 5.4 Ear Buds LED Power Display Headphones Bass Stereo, Bluetooth Earbuds in-Ear Noise Cancelling Mic, 40H Playback Mini Case IP7 Waterproof Sports Earphones for Android iOS",$16.14,4.3 out of 5 stars,"12,112"
"Sony WH-1000XM4 Wireless Premium Noise Canceling Overhead Headphones with Mic for Phone-Call and Alexa Voice Control, Black WH1000XM4",$193.00,4.6 out of 5 stars,"60,173"
"JBL Tune 510BT - Bluetooth headphones with up to 40 hours battery, microphone for call, foldable and comfortable, Android and iOs compatible (Black)",,4.5 out of 5 stars,"79,452"
"Wireless Earbuds, Bluetooth Ear Buds with Big Bass Stereo Sound, 48 Hours Playtime, Lightweight in-Ear Fit Earphones, IPX7, Hands-Free Calls with AI for iPhone, Android, Pad, Sports, Workout",$16.99,4.8 out of 5 stars,754
"Soundcore by Anker Q20i Hybrid Active Noise Cancelling Headphones, Wireless Over-Ear Bluetooth, 40H Long ANC Playtime, Hi-Res Audio, Big Bass, Customize via an App, Transparency Mode (White)",$47.49,4.6 out of 5 stars,"31,963"
"Y01 Wireless Over Ear Headphones, Noise Canceling Bluetooth 5.3 Headphones with Microphones,Hi-Res Audio,48H Playtime,Foldable,Breathable Soft Earpads for iOS/Android/Samsung/PC-Pink",$39.90,4.2 out of 5 stars,419
"JBL Tune 770NC - Adaptive Noise Cancelling with Smart Ambient Wireless Over-Ear Headphones, Bluetooth 5.3, Up to 70H Battery Life with Speed Charge, Lightweight, Comfortable & Foldable Design (Black)",,4.5 out of 5 stars,"2,667"
"Avantree HT280 Wireless Headphones for TV Watching with 2.4G RF Transmitter Charging Dock, Digital Optical System, High Volume Headset Ideal for Seniors, 100ft Range, No Audio Delay, Plug and Play",$91.99,4.2 out of 5 stars,"5,173"
"Picun B8 Bluetooth Headphones, 120H Playtime Headphone Wireless Bluetooth with 3 EQ Modes, Low Latency, Hands-Free Calls, Over Ear Headphones for Travel Home Office Cellphone PC Black",$16.14,4.6 out of 5 stars,"6,329"
Picks from Amazon Influencers,$39.93,4.3 out of 5 stars,| From Amazon Influencer storefronts
"MOVSSOU E7 Active Noise Cancelling Headphones Bluetooth Headphones Wireless Headphones Over Ear with Microphone Deep Bass, Comfortable Protein Earpads, 30 Hours Playtime for Travel/Work, Black",$39.93,4.3 out of 5 stars,"15,389"
"Sennheiser Consumer Audio Momentum 4 Wireless Headphones - Bluetooth Headset for Crystal-Clear Calls with Adaptive Noise Cancellation, 60h Battery Life, Customizable Sound, White (509267)",$265.95,4.0 out of 5 stars,"7,605"
"RORSOU B10 Bluetooth Headphones Over Ear, Lightweight Folding Stereo Bass Wireless Headset with Mic, 50H Playtime, Volume Control, Bluetooth 5.3 Headphones for iPad/Travel/Tablet/PC (Black)",$17.99,4.5 out of 5 stars,"1,799"
"Skullcandy Crusher ANC 2 Wireless Over-Ear Bluetooth Headphones with Multi-Sensory Bass and Charging Cable, Active Noise Cancelling, Up to 60 Hours Battery, Microphone for iPhone Android - True Black",$123.49,4.7 out of 5 stars,"1,860"
Wireless Bluetooth Headphones Over Ear 65H Playtime HiFi Stereo Headset with Microphone and 6EQ Modes Foldable Bluetooth V5.3 Headphones for Travel Smartphone Computer Laptop,$18.98,4.6 out of 5 stars,"9,836"
Need help?,,,or
Results,,,Check each product page for other buying options.
TAGRY Wireless Earbuds Blueetooth Headphones 80Hrs Playtime Power Display IPX7 Waterproof Sport Ear Buds with Deep Bass in Ear Earphones for Running Workout Exercise Gym Black,$47.48,4.8 out of 5 stars,270
"Skullcandy Method 360 ANC Wireless Earbuds, Sound by Bose, Bluetooth Headphones, Premium Noise Cancelling, Up to 40 Hrs Battery, Sweat and Water Resistant, Microphone for iPhone Android - True Black",$75.99,4.2 out of 5 stars,508
"TOZO A1 Wireless Earbuds Bluetooth 5.3 Light Weight in Ear IPX5 Waterproof Headphones 2 Mic for AI Calls, Immersive Premium Sound Bass Headset with Charging Case, 32 Presets EQ Customization via App",$12.98,4.3 out of 5 stars,"101,715"
"Wireless Earbuds Bluetooth 5.3 Headphones Sports, 48Hrs Playback Over Ear Buds with CVC8.0 Mic, Bass Stereo Bluetooth Earbuds with Earhooks, LED Display, IP7 Waterproof Earphones for Workout/Running",$21.24,4.6 out of 5 stars,427
"JLab JBuds Lux ANC Wireless Headphones, Mauve, Hybrid Active Noise Cancelling, Customizable Sound, Spatial Audio Compatible, Premium Over-Ear Bluetooth Headset",$47.49,4.6 out of 5 stars,"2,736"
4 stars and above,$149.95,4.2 out of 5 stars,| Based on star rating and number of customer ratings
"JBL Tour One M2 - Wireless Over-Ear Noise Cancelling Headphones (Black), Medium",$149.95,4.2 out of 5 stars,573
"Wireless Earbuds Sport, Bluetooth 5.4 Headphones with Earhook, 2025 Hi-Fi Stereo Over Ear Buds, 50H Earphones with 4 ENC Noise Canceling Mics, IP7 Waterproof Headset for Running Workout (Android/iOS)",$23.74,4.9 out of 5 stars,474
"Wireless Earbuds, Bluetooth Ear Buds with Big Bass Stereo Sound, 48 Hours Playtime, Lightweight in-Ear Fit Earphones, IPX7, Hands-Free Calls with AI for iPhone, Android, Pad, Sports, Workout",$16.99,4.8 out of 5 stars,754
"MOVSSOU E7 Active Noise Cancelling Headphones Bluetooth Headphones Wireless Headphones Over Ear with Microphone Deep Bass, Comfortable Protein Earpads, 30 Hours Playtime for Travel/Work, Black",$39.93,4.3 out of 5 stars,"15,389"
"JLab JBuds Lux ANC Wireless Headphones, Mauve, Hybrid Active Noise Cancelling, Customizable Sound, Spatial Audio Compatible, Premium Over-Ear Bluetooth Headset",$47.49,4.6 out of 5 stars,"2,736"
More results,,,
"Wireless Earbuds, Bluetooth 5.4 Headphones, True Wireless Stereo Earphones with IPX7 Waterproof, Noise Cancelling Mic, Fast Charging and Comfort Fit Ear Buds for Sports/Workouts - Black",$16.99,4.9 out of 5 stars,"1,385"
"ZIHNIC Bluetooth Headphones Over-Ear, Foldable Wireless and Wired Stereo Headset Micro SD/TF, FM for Cell Phone,PC,Soft Earmuffs &Light Weight for Prolonged Wearing(Rose Gold)",$16.99,4.4 out of 5 stars,"83,001"
"Soundcore by Anker P20i True Wireless Earbuds, 10mm Drivers with Big Bass, Bluetooth 5.3, 30H Long Playtime, Water-Resistant, 2 Mics for AI Clear Calls, 22 Preset EQs, Customization (White)",$18.99,4.4 out of 5 stars,"65,935"
"Wireless Earbuds, Bluetooth 5.4 Ear Buds with Multifunctional Touch Screen, ANC/ENC Noise Cancelling Headphones with 48H Playtime, Bass Stereo Sound, for Laptop, Android/iOS, Pad",$23.99,4.8 out of 5 stars,468
"Apple AirPods 4 Wireless Earbuds, Bluetooth Headphones, Personalized Spatial Audio, Sweat and Water Resistant, USB-C Charging Case, H2 Chip, Up to 30 Hours of Battery Life, Effortless Setup for iPhone",,4.5 out of 5 stars,"10,642"
Today's deals,$23.74,4.9 out of 5 stars,474
"Wireless Earbuds Sport, Bluetooth 5.4 Headphones with Earhook, 2025 Hi-Fi Stereo Over Ear Buds, 50H Earphones with 4 ENC Noise Canceling Mics, IP7 Waterproof Headset for Running Workout (Android/iOS)",$23.74,4.9 out of 5 stars,474
"Wireless Earbuds, Bluetooth Ear Buds with Big Bass Stereo Sound, 48 Hours Playtime, Lightweight in-Ear Fit Earphones, IPX7, Hands-Free Calls with AI for iPhone, Android, Pad, Sports, Workout",$16.99,4.8 out of 5 stars,754
"StarClip Open-Ear Wireless Bluetooth Headphones, Clip-On Earbuds, 4D Panoramic Sound, Clear Calls, Lightweight, Secure Fit, IP54 Water-Resistant Ear Grips for Workout and Daily Use, Gray",$59.99,4.3 out of 5 stars,61
"Wireless Earbuds, 2025 Bluetooth 5.4 Headphones Sports, 50H Playback Over-Ear buds with ENC Noise Cancelling Mic, Deep Bass Fitness Earphones with Earhooks, IP7 Waterproof Headset for Gym Workout",$26.59,4.9 out of 5 stars,402
"Skullcandy Crusher Evo Wireless Bluetooth Headphones with Multi-Sensory Bass and Charging Cable, Noise Isolating Over-Ear Fit, Up to 40 Hours Battery, Microphone for iPhone Android - True Black",$94.99,4.7 out of 5 stars,"4,214"
More results,,,
"Apple AirPods Pro 2 Wireless Earbuds, Active Noise Cancellation, Hearing Aid Feature, Bluetooth Headphones, Transparency, Personalized Spatial Audio, High-Fidelity Sound, H2 Chip, USB-C Charging",,4.6 out of 5 stars,"30,946"
"Beats Solo 4 - Wireless Bluetooth On-Ear Headphones, Apple & Android Compatible, Up to 50 Hours of Battery Life - Matte Black",,4.6 out of 5 stars,"13,916"
TAGRY Open Ear Headphones Wireless Earbuds 40HRS Playtime Fast Charging Headphone Digital Display Earphones with Ergonomic Earhook IPX7 Waterproof Ear Buds for Running Workout Beige,$33.24,5.0 out of 5 stars,152
TAGRY Active Noise Cancelling Headphones 100H Playtime Wireless Over Ear Bluetooth Headphones Fast Charging Earphones with Deep Bass Comfort Light Weight Headsets for Travel Home Office PC Black,$49.99,3.9 out of 5 stars,204
"True Wireless Bone Conduction Earphones, OWS Open Ear Headphones with Earhooks, Bluetooth 5.3, Up to 60H Playtime with Case, IP68, AAC/SBC, for Cycling Yoga Workouts",$67.98,4.3 out of 5 stars,920
"Skullcandy Crusher Evo Wireless Bluetooth Headphones with Multi-Sensory Bass and Charging Cable, Noise Isolating Over-Ear Fit, Up to 40 Hours Battery, Microphone for iPhone Android - True Black",$94.99,4.7 out of 5 stars,"4,214"
bmani Wireless Earbuds Bluetooth Headphones 48hrs Play Back Sport Earphones with LED Display Over-Ear Buds with Earhooks Built-in Mic Headset for Workout Black,$25.98,4.4 out of 5 stars,"47,701"
"Soundcore P30i by Anker Noise Cancelling Earbuds, Strong and Smart Noise Cancelling, Powerful Bass, 45H Playtime, 2-in-1 Case and Phone Stand, IP54, Wireless Earbuds, Bluetooth 5.4 (Green)",$23.74,4.4 out of 5 stars,"9,087"
"kurdene Wireless Earbuds Bluetooth Headphones Sport,Over Ear Buds with Deep Bass Sound,60Hrs Playtime Earphones Redesigned Comfort Fit with Earhooks for Running,Meeting,Workout-Black",$8.49,4.3 out of 5 stars,"2,638"
"Beats Studio Pro - Wireless Bluetooth Noise Cancelling Headphones - Personalized Spatial Audio, USB-C Lossless Audio, Apple & Android Compatibility, Up to 40 Hours Battery Life - Navy",,4.5 out of 5 stars,"22,562"
"JBL Vibe Beam - True Wireless JBL Deep Bass Sound Earbuds, Bluetooth 5.2, Water & Dust Resistant, Hands-free call with VoiceAware, Up to 32 hours of battery life (Black)",,4.3 out of 5 stars,"24,444"
"2.4GHz Wireless Gaming Headphones for PS5, PS4 Fortnite & Call of Duty/FPS Gamers, PC, Nintendo Switch, Bluetooth 5.3 Gaming Headset with Noise Canceling Mic, Stereo Sound, 40+Hr Battery -Black",$29.98,4.3 out of 5 stars,"10,609"
"HyperX Cloud III Wireless – Gaming Headset for PC, PS5, PS4, up to 120-hour Battery, 2.4GHz Wireless, DTS Spatial Audio, 53mm Angled Drivers, Memory Foam, Durable Frame, 10mm Microphone, Black",$129.90,4.4 out of 5 stars,"8,492"
Wireless Bluetooth Headphones Over Ear 65H Playtime HiFi Stereo Headset with Microphone and 6EQ Modes Foldable Bluetooth V5.3 Headphones for Travel Smartphone Computer Laptop Rose Gold,$17.99,4.6 out of 5 stars,"9,836"
"TOZO HT2 Hybrid Active Noise Cancelling Headphones, Wireless Over Ear Bluetooth Headset, 60H Playtime, Hi-Res Audio Custom EQ via App Deep Bass Comfort Fit Ear Cups, for Home Office Travel Black",$31.98,4.5 out of 5 stars,"9,342"
"soundcore Life Q30 by Anker, Hybrid Active Noise Cancelling Headphones with Multiple Modes, Hi-Res Sound, Custom EQ via App, 50H Playtime, Comfortable Fit, Bluetooth, Multipoint Connection",$55.99,4.4 out of 5 stars,"84,287"
"Skullcandy Crusher Evo Wireless Bluetooth Headphones with Multi-Sensory Bass and Charging Cable, Noise Isolating Over-Ear Fit, Up to 40 Hours Battery, Microphone for iPhone Android - True Black",$94.99,4.7 out of 5 stars,"4,214"
"JLab Go Sport+ Wireless Workout Earbuds Featuring C3 Clear Calling, Secure Earhook Sport Design, 35+ Hour Bluetooth Playtime, and 3 EQ Sound Settings (Graphite)",$18.98,4.0 out of 5 stars,"22,617"
"Wireless Earbuds Sport Bluetooth Headphones 5.4, 2025 Bluetooth Earbuds 75Hrs Stereo, 4 HD Mic, Over-Ear Buds with Earhooks ENC Noise Canceling Earphones, IP7 Waterproof Headset for Workout/Running",$20.99,5.0 out of 5 stars,145
"Sony WF-1000XM5 The Best Truly Wireless Bluetooth Noise Canceling Earbuds & in-Ear Headphones with Alexa Built-in, Silver",$198.00,3.8 out of 5 stars,"4,523"
"JLab Go Air Pop+ True Wireless Earbuds, in Ear Headphones, Bluetooth Earphones, 35H Playtime Ear Buds, Bluetooth Earbuds with Microphone, USB-C Charging Case, Dual Connect, EQ3 Sound, Black",$17.49,4.4 out of 5 stars,"6,761"
Need help?,,,or
Results,,,Check each product page for other buying options. Price and other details may vary based on product size and color.
"JBL Tour One M2 - Wireless Over-Ear Noise Cancelling Headphones (Black), Medium",$149.95,4.2 out of 5 stars,573
"Wireless Earbuds, Bluetooth Ear Buds with Big Bass Stereo Sound, 48 Hours Playtime, Lightweight in-Ear Fit Earphones, IPX7, Hands-Free Calls with AI for iPhone, Android, Pad, Sports, Workout",$16.99,4.8 out of 5 stars,754
"JBL Vibe Beam - True Wireless JBL Deep Bass Sound Earbuds, Bluetooth 5.2, Water & Dust Resistant, Hands-free call with VoiceAware, Up to 32 hours of battery life (Black)",,4.3 out of 5 stars,"24,444"
"Wireless Earbuds Bluetooth 5.3 Headphones, 40Hrs Playback Stereo Ear Buds with LED Display Charging Case IPX7 Waterproof in-Ear Earphones with Mic for Phone Tablet Laptop Sports, White",$16.14,4.4 out of 5 stars,"3,824"
"TOZO HT2 Hybrid Active Noise Cancelling Headphones, Wireless Over Ear Bluetooth Headset, 60H Playtime, Hi-Res Audio Custom EQ via App Deep Bass Comfort Fit Ear Cups, for Home Office Travel Black",$31.98,4.5 out of 5 stars,"9,342"
4 stars and above,$149.95,4.2 out of 5 stars,| Based on star rating and number of customer ratings
"JBL Tour One M2 - Wireless Over-Ear Noise Cancelling Headphones (Black), Medium",$149.95,4.2 out of 5 stars,573
TAGRY Wireless Earbuds Blueetooth Headphones 80Hrs Playtime Power Display IPX7 Waterproof Sport Ear Buds with Deep Bass in Ear Earphones for Running Workout Exercise Gym Black,$47.48,4.8 out of 5 stars,270
"Wireless Earbuds, Bluetooth Ear Buds with Big Bass Stereo Sound, 48 Hours Playtime, Lightweight in-Ear Fit Earphones, IPX7, Hands-Free Calls with AI for iPhone, Android, Pad, Sports, Workout",$16.99,4.8 out of 5 stars,754
"Skullcandy Crusher Evo Wireless Bluetooth Headphones with Multi-Sensory Bass and Charging Cable, Noise Isolating Over-Ear Fit, Up to 40 Hours Battery, Microphone for iPhone Android - True Black",$94.99,4.7 out of 5 stars,"4,214"
"Wireless Earbuds Sport, Bluetooth 5.4 Headphones with Earhook, 2025 Hi-Fi Stereo Over Ear Buds, 50H Earphones with 4 ENC Noise Canceling Mics, IP7 Waterproof Headset for Running Workout (Android/iOS)",$23.74,4.9 out of 5 stars,474
More results,,,
"Wireless Earbuds, 2025 Bluetooth 5.4 Headphones Sport, Bluetooth Earbuds with ENC Noise Canceling Mic, 50H Stereo Wireless Headphones IP7 Waterproof with Earhooks, Dual LED Display for Workout/Running",$19.19,4.4 out of 5 stars,"3,701"
"Skullcandy Crusher Evo Wireless Bluetooth Headphones with Multi-Sensory Bass and Charging Cable, Noise Isolating Over-Ear Fit, Up to 40 Hours Battery, Microphone for iPhone Android - True Black",$94.99,4.7 out of 5 stars,"4,214"
"kurdene Wireless Earbuds Bluetooth Headphones Sport,Over Ear Buds with Deep Bass Sound,60Hrs Playtime Earphones Redesigned Comfort Fit with Earhooks for Running,Meeting,Workout-Black",$8.49,4.3 out of 5 stars,"2,638"
"Sony WI-C100 Wireless in-Ear Bluetooth Headphones with Built-in Microphone, Black",$23.00,4.2 out of 5 stars,"11,618"
"Soundcore Sport X20 by Anker, True-Wireless Workout Earbuds, Rotatable and Extendable Ear Hooks, Noise Cancelling, Deep Bass, IP68 Waterproof, Sweatproof, Dustproof, 48H Play, Sport Earbuds for Gym",$53.19,4.3 out of 5 stars,"6,292"
Today's deals,$47.48,4.8 out of 5 stars,270
TAGRY Wireless Earbuds Blueetooth Headphones 80Hrs Playtime Power Display IPX7 Waterproof Sport Ear Buds with Deep Bass in Ear Earphones for Running Workout Exercise Gym Black,$47.48,4.8 out of 5 stars,270
"Wireless Earbuds, Bluetooth Ear Buds with Big Bass Stereo Sound, 48 Hours Playtime, Lightweight in-Ear Fit Earphones, IPX7, Hands-Free Calls with AI for iPhone, Android, Pad, Sports, Workout",$16.99,4.8 out of 5 stars,754
"Skullcandy Crusher Evo Wireless Bluetooth Headphones with Multi-Sensory Bass and Charging Cable, Noise Isolating Over-Ear Fit, Up to 40 Hours Battery, Microphone for iPhone Android - True Black",$94.99,4.7 out of 5 stars,"4,214"
"Wireless Earbuds Sport, Bluetooth 5.4 Headphones with Earhook, 2025 Hi-Fi Stereo Over Ear Buds, 50H Earphones with 4 ENC Noise Canceling Mics, IP7 Waterproof Headset for Running Workout (Android/iOS)",$23.74,4.9 out of 5 stars,474
"Wireless Earbuds Bluetooth 5.3 Headphones Sports, 48Hrs Playback Over Ear Buds with CVC8.0 Mic, Bass Stereo Bluetooth Earbuds with Earhooks, LED Display, IP7 Waterproof Earphones for Workout/Running",$21.24,4.6 out of 5 stars,427
More results,,,
"JBL Tune 720BT - Wireless Over-Ear Headphones with JBL Pure Bass Sound, Bluetooth 5.3, Up to 76H Battery Life and Speed Charge, Lightweight, Comfortable and Foldable Design (Black)",,4.5 out of 5 stars,"5,966"
"LEVN Wireless Headset 5.2 for Call Center, Bluetooth Headphones with Mic for Work(Noise Cancelling), 65 Hours Woktime & Mute Button,Wireless Headset for Work from Home/Office/PC/Computer/Laptop(Black)",$59.98,4.6 out of 5 stars,793
"SHOKZ OpenRun - Open-Ear Bluetooth Bone Conduction Sport Headphones, Sweat Resistant Wireless Earphones for Workouts and Running, Built-in Mic, with Hair Band, Black",,4.6 out of 5 stars,"33,815"
bmani Wireless Earbuds Bluetooth Headphones 48hrs Play Back Sport Earphones with LED Display Over-Ear Buds with Earhooks Built-in Mic Headset for Workout Black,$25.98,4.4 out of 5 stars,"47,701"
"JBL Live Free 2 - True Wireless Noise Cancelling Earbuds, Up to 35hrs of Playtime, 6 mics for Perfect Calls with Zero Noise, IPX5 Waterproof, Oval Tubes for Better Comfort, Isolation, & bass (Silver)",$119.95,4.2 out of 5 stars,"1,983"
"Skullcandy Crusher Evo Wireless Bluetooth Headphones with Multi-Sensory Bass and Charging Cable, Noise Isolating Over-Ear Fit, Up to 40 Hours Battery, Microphone for iPhone Android - True Black",$94.99,4.7 out of 5 stars,"4,214"
"PHILIPS TAT3519 Wireless Earbuds,True Wireless Headphones with Noise Canceling Pro,Dynamic Bass,Clear Call,24 H Battery Life,Fast Charging,Bluetooth 5.3,IPX4,App/Touch Control,Black",$59.99,3.9 out of 5 stars,"6,011"
"LEVN [Update 2024] Wireless Headphones for TV Watching, TV Headphones Wireless for Seniors with Transmitter Charging Base, Bluetooth 5.2 No Audio Delay, 65hr Palytime, Ideal Gift for Elderly/Parents",$89.99,4.4 out of 5 stars,"1,034"
"Sennheiser Consumer Audio RS 175 RF Wireless Headphone System, Black",$199.95,4.2 out of 5 stars,"8,080"
"Wireless Earbuds, Bluetooth 5.3 Headphones LED Power Display, 2025 New Wireless Earphones, 4 ENC Noise Cancelling Mic, HiFi Stereo, 48H Playtime Mini Case IP7 Waterproof for Sport Walk",$9.99,4.5 out of 5 stars,"2,120"
"JLab Go Sport+ Wireless Workout Earbuds Featuring C3 Clear Calling, Secure Earhook Sport Design, 35+ Hour Bluetooth Playtime, and 3 EQ Sound Settings (Graphite)",$18.98,4.0 out of 5 stars,"22,617"
TAGRY Open Ear Headphones Wireless Earbuds 40HRS Playtime Fast Charging Headphone Digital Display Earphones with Ergonomic Earhook IPX7 Waterproof Ear Buds for Running Workout Beige,$33.24,5.0 out of 5 stars,152
"Wireless Earbuds Bluetooth 5.4 Headphones 75H Stereo Deep Bass Sports Over Ear Buds with Earhooks, LED Display Bluetooth Earbuds with 4 ENC Mic, IP7 Waterproof Earphone for Running, Black",$20.39,4.4 out of 5 stars,905
"Amazon Basics Bluetooth Headphones Wireless with Microphone, On Ear, 35 Hour Playtime, Foldable, One Size, Collapsible Travel Friendly, Black",$19.99,4.1 out of 5 stars,994
"Dewalt Heavy Duty Bluetooth Neckband Headphones, Wireless Around The Neck Earbuds w/ 30H Runtime + Noise Isolation, Secure Magnetic Wireless Earbuds, Jobsite Pro Built-in Mic Bluetooth Headsets",$39.98,4.4 out of 5 stars,"3,204"
"JBL Vibe Buds - True Wireless Earbuds, Smart Ambient, VoiceAware, Up to 32 total hours of battery life with speed charging, Water and dust resistant, JBL Deep Bass Sound (Black)",$37.46,4.2 out of 5 stars,"7,484"
"Over Ear Headphones Wireless 80H Playtime, Bluetooth Headphones Over Ear with 3 EQ Modes, Built-in ENC Mic,Deep Bass, HiFi Stereo Foldable 5.4 Bluetooth Headset for Phone PC Travel Gym Workout Office",$14.44,4.4 out of 5 stars,304
"JBL Endurance Peak 3 - Dust and Water Proof (IP68) True Wireless Active Earbuds, Pure Bass Sound, Up to 50 Total Hours of Playback with Speed Charge, Ambient Aware & Talk Thru (Black)",$59.95,4.0 out of 5 stars,"3,855"
"Skullcandy Crusher ANC 2 Wireless Over-Ear Bluetooth Headphones with Multi-Sensory Bass and Charging Cable, Active Noise Cancelling, Up to 60 Hours Battery, Microphone for iPhone Android - Bone",$123.49,4.7 out of 5 stars,"1,860"
"TOZO Hybrid Active Noise Cancelling Wireless Earbuds, 6 Mics ENC Clear Call, IPX8 Waterproof, in Ear Bluetooth 5.3 Headphones Stereo Bass Ear Buds 59H Playtime with LED Display 32 EQs via APP",$27.98,4.4 out of 5 stars,"7,866"
"Skullcandy Method 360 ANC Wireless Earbuds, Sound by Bose, Bluetooth Headphones, Premium Noise Cancelling, Up to 40 Hrs Battery, Sweat and Water Resistant, Microphone for iPhone Android - True Black",$75.99,4.2 out of 5 stars,508
Need help?,,,or
Results,,,Check each product page for other buying options.
"Skullcandy Crusher Evo Wireless Bluetooth Headphones with Multi-Sensory Bass and Charging Cable, Noise Isolating Over-Ear Fit, Up to 40 Hours Battery, Microphone for iPhone Android - True Black",$94.99,4.7 out of 5 stars,"4,214"
"LEVN Wireless Headphones for TV Watching, TV Headphones Wireless for Seniors with Transmitter Charging Base, Hearing-impaired, No Audio Delay Blutooth 5.2, Plug and Play, Gifts for Elderly",$69.97,4.4 out of 5 stars,"1,345"
"TuneFlux Wireless Bluetooth Headphones Over Ear, 80H Playtime, 3EQ Sound Modes, HiFi Stereo Headphones with Deep Bass, Foldable Bluetooth 5.3 Headsets for Smartphone/PC/Computer-Rose Gold",$16.14,4.6 out of 5 stars,"2,405"
"kurdene Wireless Earbuds Bluetooth Headphones Sport,Over Ear Buds with Deep Bass Sound,60Hrs Playtime Earphones Redesigned Comfort Fit with Earhooks for Running,Meeting,Workout-Black",$8.49,4.3 out of 5 stars,"2,638"
"Wireless Headphones for TV Watching, TV Headphones Wireless for Seniors with Transmitter Charging Base, Over ear Bluetooth Headset No Audio Delay, HIFI Stereo, 65H Playtime, Gifts for Parents/Elderly",$66.48,5.0 out of 5 stars,75
Today's deals,$94.99,4.7 out of 5 stars,"4,214"
"Skullcandy Crusher Evo Wireless Bluetooth Headphones with Multi-Sensory Bass and Charging Cable, Noise Isolating Over-Ear Fit, Up to 40 Hours Battery, Microphone for iPhone Android - True Black",$94.99,4.7 out of 5 stars,"4,214"
"Wireless Earbuds Bluetooth 5.3 Headphones Sports, 48Hrs Playback Over Ear Buds with CVC8.0 Mic, Bass Stereo Bluetooth Earbuds with Earhooks, LED Display, IP7 Waterproof Earphones for Workout/Running",$21.24,4.6 out of 5 stars,427
"Puro Sound Labs: PuroPro Hybrid Active Noise Cancelling Volume Limiting Headphones, Wireless Over Ear Bluetooth Headphones, 32h Playtime, Hi-Res Audio, Memory Foam Ear Cups, for Travel and Home Office",$99.00,4.3 out of 5 stars,138
"Wireless Earbuds, 2025 Bluetooth 5.4 Headphones Sport, Bluetooth Earbuds with ENC Noise Canceling Mic, 50H Stereo Wireless Headphones IP7 Waterproof with Earhooks, Dual LED Display for Workout/Running",$25.64,4.9 out of 5 stars,717
"Skullcandy Crusher ANC 2 Wireless Over-Ear Bluetooth Headphones with Multi-Sensory Bass and Charging Cable, Active Noise Cancelling, Up to 60 Hours Battery, Microphone for iPhone Android - True Black",$123.49,4.7 out of 5 stars,"1,860"
More results,,,
"Sound Blaster JAM V2 On-Ear Lightweight Bluetooth 5.0 Wireless Headphones with USB-C, aptX Low Latency, aptX HD, Multipoint Connectivity, Voice Detection and Noise Reduction, 22 Hours Battery Life",$39.99,4.2 out of 5 stars,"2,458"
"JBL Vibe Buds - True Wireless Earbuds, Smart Ambient, VoiceAware, Up to 32 total hours of battery life with speed charging, Water and dust resistant, JBL Deep Bass Sound (Black)",$37.46,4.2 out of 5 stars,"7,484"
"Beats Studio3 Wireless Noise Cancelling Over-Ear Headphones - Apple W1 Headphone Chip, Class 1 Bluetooth, 22 Hours of Listening Time, Built-in Microphone - Matte Black",,4.7 out of 5 stars,"46,233"
"ZIHNIC Bluetooth Headphones Over-Ear, Foldable Wireless and Wired Stereo Headset Micro SD/TF, FM for Cell Phone,PC,Soft Earmuffs &Light Weight for Prolonged Wearing (Black/Blue)",$17.78,4.4 out of 5 stars,"83,001"
"Wireless Earbuds, Bluetooth 5.3 Headphones LED Power Display, 2025 New Wireless Earphones, 4 ENC Noise Cancelling Mic, HiFi Stereo, 48H Playtime Mini Case IP7 Waterproof for Sport Walk",$9.99,4.5 out of 5 stars,"2,120"
4 stars and above,$21.24,4.6 out of 5 stars,| Based on star rating and number of customer ratings
"Wireless Earbuds Bluetooth 5.3 Headphones Sports, 48Hrs Playback Over Ear Buds with CVC8.0 Mic, Bass Stereo Bluetooth Earbuds with Earhooks, LED Display, IP7 Waterproof Earphones for Workout/Running",$21.24,4.6 out of 5 stars,427
"Puro Sound Labs: PuroPro Hybrid Active Noise Cancelling Volume Limiting Headphones, Wireless Over Ear Bluetooth Headphones, 32h Playtime, Hi-Res Audio, Memory Foam Ear Cups, for Travel and Home Office",$99.00,4.3 out of 5 stars,138
"Wireless Earbuds, 2025 Bluetooth 5.4 Headphones Sport, Bluetooth Earbuds with ENC Noise Canceling Mic, 50H Stereo Wireless Headphones IP7 Waterproof with Earhooks, Dual LED Display for Workout/Running",$25.64,4.9 out of 5 stars,717
"Skullcandy Crusher ANC 2 Wireless Over-Ear Bluetooth Headphones with Multi-Sensory Bass and Charging Cable, Active Noise Cancelling, Up to 60 Hours Battery, Microphone for iPhone Android - True Black",$123.49,4.7 out of 5 stars,"1,860"
"RORSOU B10 Bluetooth Headphones Over Ear, Lightweight Folding Stereo Bass Wireless Headset with Mic, 50H Playtime, Volume Control, Bluetooth 5.3 Headphones for iPad/Travel/Tablet/PC (Black)",$17.99,4.5 out of 5 stars,"1,799"
More results,,,
"Jabra Evolve 65 MS Wireless Headset, Stereo – Includes Link 370 USB Adapter – Bluetooth Headset with Industry-Leading Wireless Performance, Advanced Noise-Cancelling Microphone, All Day Battery",$184.99,4.0 out of 5 stars,"5,503"
"WallarGe Wireless Headphones for TV Watching with RF Transmitter Charging Dock, Plug and Play, 100 Ft Wireless Range, Rechargeable 20 Hour Battery (Black with Blue)",$49.49,4.2 out of 5 stars,"3,773"
"Boean Bluetooth Headphones, Wireless Headphones with 16 Hours Playtime Bluetooth 5.3 Wireless Earbuds HD Deep Bass Stereo Sound Isolation IPX7 Waterproof Earphones for Workout Running Sports",$15.98,4.3 out of 5 stars,"10,325"
"Wireless Earbuds, 2025 Bluetooth 5.4 Headphones Sport, Bluetooth Earbuds with ENC Noise Canceling Mic, 50H Stereo Wireless Headphones IP7 Waterproof with Earhooks, Dual LED Display for Workout/Running",$19.19,4.4 out of 5 stars,"3,701"
GNMN ANC Noise Canceling Ear Buds Wireless Earbuds 96hrs Playback Bluetooth Headphones IPX7 Waterproof Stereo Bass Over-Ear Earphones with Earhooks Microphone LED Battery Display for Android Phone,$63.98,5.0 out of 5 stars,473
"PHILIPS H6509 Wireless Headphones,Over-Ear Bluetooth Headphones with Noise Canceling Pro,Dynamic Bass,70H Battery Life,Fast Charging,Soft Ear Cups,Bluetooth 5.3, Multipoint Connectivity,App Control",$49.99,4.2 out of 5 stars,856
"Sennheiser ACCENTUM Wireless Bluetooth Headphones - 50-Hour Battery Life, Audio, Hybrid Noise Cancelling (ANC), All-Day Comfort and Clear Voice Pick-up for Calls, Black",,4.1 out of 5 stars,864
"Hybrid Active Noise Cancelling Headphones, Wireless Over Ear Bluetooth Headphones, Foldable Wireless Headset, 60H Playtime, Hi-Res Audio, Deep Bass, Memory Foam Ear Cups, Perfect for Travel & Office",$28.49,4.7 out of 5 stars,439
"Soundcore by Anker, Space One, Active Noise Cancelling Headphones, 2X Stronger Voice Reduction, 40H ANC Playtime, App Control, LDAC Hi-Res Wireless Audio, Comfortable Fit, Clear Calls, Bluetooth 5.3",$65.55,4.4 out of 5 stars,"9,315"
"Amazon Basics Bluetooth Headphones Wireless with Microphone, On Ear, 35 Hour Playtime, Foldable, One Size, Collapsible Travel Friendly, Black",$19.99,4.1 out of 5 stars,994
"iClever BTH12 Kids Bluetooth Headphones,Colorful LED Lights Kids Headphones Wireless,74/85dBA Safe Volume,85H Playtime,Fast Charging,Bluetooth 5.2,Over Ear,Built-in Mic for iPad/Tablet/Airplane,Blue",$20.89,4.6 out of 5 stars,"10,721"
"HyperX Cloud III Wireless – Gaming Headset for PC, PS5, PS4, up to 120-hour Battery, 2.4GHz Wireless, DTS Spatial Audio, 53mm Angled Drivers, Memory Foam, Durable Frame, 10mm Microphone, Black",$129.90,4.4 out of 5 stars,"8,492"
"Wireless Earbuds, Bluetooth 5.4 Ear Buds with Power Display Charging Case, Stereo Deep Bass Headphones with 50H Playtime, IPX7 Waterproof, for Laptop, Android/iOS, Pad, White",$19.99,5.0 out of 5 stars,308
"Belkin SoundForm Surround Bluetooth Over-Ear Headphones - Environmental Noise Cancelling Headphones - Wireless w/ 60H Playtime & Soft Ear Cups for iPhone, Galaxy, iPad, Travel, Home, or Office - Black",$32.75,4.2 out of 5 stars,36
"TOZO Hybrid Active Noise Cancelling Wireless Earbuds, 6 Mics ENC Clear Call, IPX8 Waterproof, in Ear Bluetooth 5.3 Headphones Stereo Bass Ear Buds 59H Playtime with LED Display 32 EQs via APP",$27.98,4.4 out of 5 stars,"7,866"
Wireless Earbuds Bluetooth 5.4 Headphones Bass Stereo Ear Buds with Noise Cancelling Mic LED Display in Ear Earphones IP7 Waterproof 36H Playtime for Laptop Pad Phones Sports Workout White,$21.99,4.5 out of 5 stars,"14,606"
"Soundcore by Anker Life A1 True Wireless Earbuds, Powerful Customized Sound, 40H Playtime, Wireless Charging, USB-C Fast Charge, IPX7 Waterproof, Button Control, Bluetooth Earbuds, Commute, Sports",$32.49,4.3 out of 5 stars,"41,148"
"TOZO T6 Wireless Earbuds, Bluetooth 5.3 Ear Buds, Stereo Sound in Ear Headphones, 50 Hours Playtime, Wireless Charging Case, APP Customizable EQs, IPX8 Waterproof Earphones",$20.98,4.4 out of 5 stars,"200,752"
"JBL Live Free 2 - True Wireless Noise Cancelling Earbuds, Up to 35hrs of Playtime, 6 mics for Perfect Calls with Zero Noise, IPX5 Waterproof, Oval Tubes for Better Comfort, Isolation, & bass (Silver)",$119.95,4.2 out of 5 stars,"1,983"
"PHILIPS TAT1108 Wireless Earbuds,True Wireless Headphones,Powerful Bass with 6 mm Driver,Clear Call with AI Mic,15-Hour Battery Life,Bluetooth v5.3,IPX4 Rating,Ergonomic Design for Comfort,Black",$34.95,3.9 out of 5 stars,"6,011"
"Lytmi CozyFit Open Ear Headphones, 0.23oz Ultra-Light Comfortable Wireless Earbuds, 0.6mm Thinnest Earhooks, Bluetooth 5.4, Clear Audio, 30 HRS Playtime, IPX5 Waterproof Earphones with Mic (Black)",$28.49,4.1 out of 5 stars,718
Need help?,,,or
Results,,,Check each product page for other buying options.
"Skullcandy Crusher Evo Wireless Bluetooth Headphones with Multi-Sensory Bass and Charging Cable, Noise Isolating Over-Ear Fit, Up to 40 Hours Battery, Microphone for iPhone Android - Bone",$94.99,4.7 out of 5 stars,"4,214"
"Skullcandy Crusher ANC 2 Wireless Over-Ear Bluetooth Headphones with Multi-Sensory Bass and Charging Cable, Active Noise Cancelling, Up to 60 Hours Battery, Microphone for iPhone Android - Bone",$123.49,4.7 out of 5 stars,"1,860"
"Belkin SoundForm Surround Bluetooth Over-Ear Headphones - Environmental Noise Cancelling Headphones - Wireless w/ 60H Playtime & Soft Ear Cups for iPhone, Galaxy, iPad, Travel, Home, or Office - Black",$32.75,4.2 out of 5 stars,36
"MOVSSOU E7 Active Noise Cancelling Headphones Bluetooth Headphones Wireless Headphones Over Ear with Microphone Deep Bass, Comfortable Protein Earpads, 30 Hours Playtime for Travel/Work, Black",$39.93,4.3 out of 5 stars,"15,389"
"LEVN Bluetooth Headset with Microphone, Trucker Bluetooth Headset with AI Noise Cancelling & Mute Button, Wireless On-Ear Headphones 60 Hrs Working Time, for Trucker Home Office Remote Work Zoom",$39.97,4.3 out of 5 stars,"2,005"
Today's deals,$94.99,4.7 out of 5 stars,"4,214"
"Skullcandy Crusher Evo Wireless Bluetooth Headphones with Multi-Sensory Bass and Charging Cable, Noise Isolating Over-Ear Fit, Up to 40 Hours Battery, Microphone for iPhone Android - True Black",$94.99,4.7 out of 5 stars,"4,214"
"Jabra Evolve 65 TE (Third Edition) Wireless Dual-Ear Headphones - Noise-Canceling Mic, 16 hrs Battery Life, Dual Connectivity, MS Teams Certified, Supports Other Platforms, Black",$99.00,4.2 out of 5 stars,55
"Puro Sound Labs: PuroPro Hybrid Active Noise Cancelling Volume Limiting Headphones, Wireless Over Ear Bluetooth Headphones, 32h Playtime, Hi-Res Audio, Memory Foam Ear Cups, for Travel and Home Office",$99.00,4.3 out of 5 stars,138
"Wireless Earbuds Bluetooth 5.3 Headphones Sports, 48Hrs Playback Over Ear Buds with CVC8.0 Mic, Bass Stereo Bluetooth Earbuds with Earhooks, LED Display, IP7 Waterproof Earphones for Workout/Running",$21.24,4.6 out of 5 stars,427
"Wireless Earbuds, 2025 Bluetooth 5.4 Headphones Sport, Bluetooth Earbuds with ENC Noise Canceling Mic, 50H Stereo Wireless Headphones IP7 Waterproof with Earhooks, Dual LED Display for Workout/Running",$25.64,4.9 out of 5 stars,717
More results,,,
"SIMOLIO 2.4G Digital TV Wireless Headphones with Spare Battery for Seniors, Dialog Clarity Wireless Headphones for TV Watching with Tone & Balance Control, Support Optical/RCA/AUX, 164ft, No Delay",$107.99,4.2 out of 5 stars,"1,808"
Focal Bathys High-Fidelity Bluetooth Noise Cancelling Headphones,$525.00,4.3 out of 5 stars,496
"Wireless Earbuds, Bluetooth 5.3 Headphones LED Power Display, 2025 New Wireless Earphones, 4 ENC Noise Cancelling Mic, HiFi Stereo, 48H Playtime Mini Case IP7 Waterproof for Sport Walk",$9.99,4.5 out of 5 stars,"2,120"
"Wireless Earbuds, Bluetooth 5.4 Headphones, True Wireless Stereo Earphones with IPX7 Waterproof, Noise Cancelling Mic, Fast Charging and Comfort Fit Ear Buds for Sports/Workouts - Black",$16.98,4.4 out of 5 stars,880
"JLab Go Air Pop+ True Wireless Earbuds, in Ear Headphones, Bluetooth Earphones, 35H Playtime Ear Buds, Bluetooth Earbuds with Microphone, USB-C Charging Case, Dual Connect, EQ3 Sound, Black",$17.49,4.4 out of 5 stars,"6,761"
4 stars and above,$99.00,4.3 out of 5 stars,| Based on star rating and number of customer ratings
"Puro Sound Labs: PuroPro Hybrid Active Noise Cancelling Volume Limiting Headphones, Wireless Over Ear Bluetooth Headphones, 32h Playtime, Hi-Res Audio, Memory Foam Ear Cups, for Travel and Home Office",$99.00,4.3 out of 5 stars,138
"Wireless Earbuds Bluetooth 5.3 Headphones Sports, 48Hrs Playback Over Ear Buds with CVC8.0 Mic, Bass Stereo Bluetooth Earbuds with Earhooks, LED Display, IP7 Waterproof Earphones for Workout/Running",$21.24,4.6 out of 5 stars,427
"Wireless Earbuds, 2025 Bluetooth 5.4 Headphones Sport, Bluetooth Earbuds with ENC Noise Canceling Mic, 50H Stereo Wireless Headphones IP7 Waterproof with Earhooks, Dual LED Display for Workout/Running",$25.64,4.9 out of 5 stars,717
"Skullcandy Crusher ANC 2 Wireless Over-Ear Bluetooth Headphones with Multi-Sensory Bass and Charging Cable, Active Noise Cancelling, Up to 60 Hours Battery, Microphone for iPhone Android - True Black",$123.49,4.7 out of 5 stars,"1,860"
"Sennheiser Consumer Audio Momentum 4 Wireless Headphones - Bluetooth Headset for Crystal-Clear Calls with Adaptive Noise Cancellation, 60h Battery Life, Customizable Sound, White (509267)",$265.95,4.0 out of 5 stars,"7,605"
More results,,,
"Soundcore by Anker Life U2i Wireless Neckband Headphones, 10mm Drivers with BassUp Technology, 24H Playtime, AI-Enhanced Calls, Foldable and Lightweight, IPX5 Water-Resistant, Secure Fit, Bluetooth 5",,4.0 out of 5 stars,950
"Amazon Basics Bluetooth Headphones Wireless with Microphone, On Ear, 35 Hour Playtime, Foldable, One Size, Collapsible Travel Friendly, Black",$19.99,4.1 out of 5 stars,994
"TOZO OpenEarRing True Open Ear Headphones, Lightweight Comfort Open Ear Clip Wireless Earbuds, 40H Play Bluetooth 5.4 Headphones with Smart Digital Display Design Fit Sports Running, Workout Black",$24.99,4.4 out of 5 stars,"3,540"
"Beats Powerbeats Pro 2 Wireless Bluetooth Earbuds - Noise Cancelling, Heart Rate Monitor, IPX4, Up to 45H Battery & Charging Case, Works with Apple & Android - Hyper Purple",,4.1 out of 5 stars,"1,514"
"JBL Live Free 2 - True Wireless Noise Cancelling Earbuds, Up to 35hrs of Playtime, 6 mics for Perfect Calls with Zero Noise, IPX5 Waterproof, Oval Tubes for Better Comfort, Isolation, & bass (Silver)",$119.95,4.2 out of 5 stars,"1,983"
"PHILIPS H6509 Wireless Headphones,Over-Ear Bluetooth Headphones with Noise Canceling Pro,Dynamic Bass,70H Battery Life,Fast Charging,Soft Ear Cups,Bluetooth 5.3, Multipoint Connectivity,App Control",$49.99,4.2 out of 5 stars,856
"Bluetooth Headphones,V5.2 Wireless Bluetooth Earbuds w/Mic in-Ear Magnetic Neckband Earphone 30Hrs Playtime, IPX7 Sweatproof Deep Bass Headset for Phone Call Music Sports",$31.99,4.4 out of 5 stars,"1,458"
"Skullcandy Riff 2 Wireless On-Ear Bluetooth Headphones, Up to 34 Hrs Battery, Foldable Lightweight Design, Convenient for Travel with Backup 3.5mm AUX Cable, Microphone for iPhone Android - True Black",$48.99,4.4 out of 5 stars,"9,724"
"Silensys E7 Active Noise Cancelling Headphones Bluetooth Headphones with Microphone Deep Bass Wireless Headphones Over Ear, Comfortable Protein Earpads, 30 Hours Playtime for Travel/Work, Black",$39.98,4.3 out of 5 stars,"8,758"
"BERIBES Upgraded Hybrid Active Noise Cancelling Headphones with Transparent Modes,70H Playtime Bluetooth Headphones Wireless Bluetooth with Mic, Deep Bass,3.5MM Cable,Soft-Earpads,Fast Charging-Black",$25.48,4.4 out of 5 stars,"4,715"
"JBL Vibe Buds - True Wireless Earbuds, Smart Ambient, VoiceAware, Up to 32 total hours of battery life with speed charging, Water and dust resistant, JBL Deep Bass Sound (Black)",$37.46,4.2 out of 5 stars,"7,484"
"Bone Conduction Headphones, 2024 Upgrade Open-Ear Wireless Bluetooth Workout Headphones with Microphones, 8Hr Playtime, Waterproof Earphones for Sports, Running, Gym, Hiking, Cycling",$35.99,4.4 out of 5 stars,"1,004"
"HyperX Cloud III Wireless – Gaming Headset for PC, PS5, PS4, up to 120-hour Battery, 2.4GHz Wireless, DTS Spatial Audio, 53mm Angled Drivers, Memory Foam, Durable Frame, 10mm Microphone, Black",$129.90,4.4 out of 5 stars,"8,492"
TAGRY Bluetooth Headphones True Wireless Earbuds 60H Playback LED Power Display Earphones with Wireless Charging Case IPX5 Waterproof in-Ear Ear buds with Mic for TV Smart Phone Laptop Computer Sports,$49.99,4.4 out of 5 stars,"74,545"
"Kids Bluetooth Headphones, Lightweight Wireless Headphones for Kids, 85/94dB Volume Limited, 60 Hours Playtime, Bluetooth 5.3, Over-Ear Toddler Headsets with Built-in Mic-Purple",$15.98,4.6 out of 5 stars,"1,559"
"SHOKZ OpenFit - Open-Ear True Wireless Bluetooth Headphones with Microphone, Earbuds with Earhooks, Sweat Resistant, Fast Charging, 28HRS Playtime, Compatible with iPhone & Android, Black",,4.2 out of 5 stars,"5,338"
"Soundcore Anker Life P2 Mini True Wireless Bluetooth 5.2 Earbuds Headphones, Black",$20.99,4.4 out of 5 stars,"53,727"
"Sony RF400 Wireless Home Theater Headphones for Watching TV (WHRF400), Black, 2.9 (Requires use of RCA Audio Out or Headphone Jack on Television)",,3.9 out of 5 stars,"1,345"
GNMN ANC Noise Canceling Ear Buds Wireless Earbuds 96hrs Playback Bluetooth Headphones IPX7 Waterproof Stereo Bass Over-Ear Earphones with Earhooks Microphone LED Battery Display for Android Phone,$63.98,5.0 out of 5 stars,473
"ov202w Over Ear Noise Cancelling Headphones, 100+ Hours of Listening ANC Hybrid Active Noise Canceling Battery Best HiFi Headset for Studio Monitor, Beats, Musicians, Gym, Guitar, Bass",$147.20,4.8 out of 5 stars,32
"JLab Go Air Pop+ True Wireless Earbuds, in Ear Headphones, Bluetooth Earphones, 35H Playtime Ear Buds, Bluetooth Earbuds with Microphone, USB-C Charging Case, Dual Connect, EQ3 Sound, Black",$17.49,4.4 out of 5 stars,"6,761"
Need help?,,,or
Results,,,Check each product page for other buying options.
TAGRY Wireless Earbuds Blueetooth Headphones 80Hrs Playtime Power Display IPX7 Waterproof Sport Ear Buds with Deep Bass in Ear Earphones for Running Workout Exercise Gym Black,$47.48,4.8 out of 5 stars,270
"Wireless Earbuds, Bluetooth Ear Buds with Big Bass Stereo Sound, 48 Hours Playtime, Lightweight in-Ear Fit Earphones, IPX7, Hands-Free Calls with AI for iPhone, Android, Pad, Sports, Workout",$16.99,4.8 out of 5 stars,754
"HyperX Cloud III Wireless – Gaming Headset for PC, PS5, PS4, up to 120-hour Battery, 2.4GHz Wireless, DTS Spatial Audio, 53mm Angled Drivers, Memory Foam, Durable Frame, 10mm Microphone, Black",$129.90,4.4 out of 5 stars,"8,492"
"Wireless Earbuds, Bluetooth Earbuds 5.4 Headphones LED Touch Screen with 5 EQ Modes, 48H Headphones Wireless Noise with ANC Noise Cancelling, Deep Bass Stereo for Laptop, Android/iOS, Pad",$27.99,4.8 out of 5 stars,468
"Bluetooth Headphones,V5.2 Wireless Bluetooth Earbuds w/Mic in-Ear Magnetic Neckband Earphone 30Hrs Playtime, IPX7 Sweatproof Deep Bass Headset for Phone Call Music Sports",$31.99,4.4 out of 5 stars,"1,458"
4 stars and above,$149.95,4.2 out of 5 stars,| Based on star rating and number of customer ratings
"JBL Tour One M2 - Wireless Over-Ear Noise Cancelling Headphones (Black), Medium",$149.95,4.2 out of 5 stars,573
"Puro Sound Labs: PuroPro Hybrid Active Noise Cancelling Volume Limiting Headphones, Wireless Over Ear Bluetooth Headphones, 32h Playtime, Hi-Res Audio, Memory Foam Ear Cups, for Travel and Home Office",$99.00,4.3 out of 5 stars,138
"Wireless Earbuds, Bluetooth Ear Buds with Big Bass Stereo Sound, 48 Hours Playtime, Lightweight in-Ear Fit Earphones, IPX7, Hands-Free Calls with AI for iPhone, Android, Pad, Sports, Workout",$16.99,4.8 out of 5 stars,754
"Wireless Earbuds, 2025 Bluetooth 5.4 Headphones Sport, Bluetooth Earbuds with ENC Noise Canceling Mic, 50H Stereo Wireless Headphones IP7 Waterproof with Earhooks, Dual LED Display for Workout/Running",$25.64,4.9 out of 5 stars,717
"Wireless Earbuds Sport, Bluetooth 5.4 Headphones with Earhook, 2025 Hi-Fi Stereo Over Ear Buds, 50H Earphones with 4 ENC Noise Canceling Mics, IP7 Waterproof Headset for Running Workout (Android/iOS)",$23.74,4.9 out of 5 stars,474
More results,,,
"Wireless Headphones Bluetooth, Bluetooth Headphones, 70H Playtime Headphone Wireless Bluetooth 5.1 with with Mic & 3EQ Modes, Over Ear Headphones HiFi Stereo for Home Traver Work(NO ANC)",$9.99,4.2 out of 5 stars,241
"Soundcore Anker Life P2 Mini True Wireless Bluetooth 5.2 Earbuds Headphones, Black",$20.99,4.4 out of 5 stars,"53,727"
"Silensys E7 Active Noise Cancelling Headphones Bluetooth Headphones with Microphone Deep Bass Wireless Headphones Over Ear, Comfortable Protein Earpads, 30 Hours Playtime for Travel/Work, Black",$39.98,4.3 out of 5 stars,"8,758"
"Sony RF400 Wireless Home Theater Headphones for Watching TV (WHRF400), Black, 2.9 (Requires use of RCA Audio Out or Headphone Jack on Television)",,3.9 out of 5 stars,"1,345"
"Bluetooth Kids Headphones Fit for Aged 3-21, Colorful LED Lights Comfort Wireless Headphones with Microphone 94dB Volume Limited for School/iPad/PC/TV/Cellphones, Wired & TF Card Mode,Blue",$15.99,4.4 out of 5 stars,"2,338"
Today's deals,$94.99,4.7 out of 5 stars,"4,214"
"Skullcandy Crusher Evo Wireless Bluetooth Headphones with Multi-Sensory Bass and Charging Cable, Noise Isolating Over-Ear Fit, Up to 40 Hours Battery, Microphone for iPhone Android - True Black",$94.99,4.7 out of 5 stars,"4,214"
"Puro Sound Labs: PuroPro Hybrid Active Noise Cancelling Volume Limiting Headphones, Wireless Over Ear Bluetooth Headphones, 32h Playtime, Hi-Res Audio, Memory Foam Ear Cups, for Travel and Home Office",$99.00,4.3 out of 5 stars,138
"Wireless Earbuds, 2025 Bluetooth 5.4 Headphones Sport, Bluetooth Earbuds with ENC Noise Canceling Mic, 50H Stereo Wireless Headphones IP7 Waterproof with Earhooks, Dual LED Display for Workout/Running",$25.64,4.9 out of 5 stars,717
"Wireless Earbuds, Bluetooth Ear Buds with Big Bass Stereo Sound, 48 Hours Playtime, Lightweight in-Ear Fit Earphones, IPX7, Hands-Free Calls with AI for iPhone, Android, Pad, Sports, Workout",$16.99,4.8 out of 5 stars,754
"Wireless Earbuds Sport, Bluetooth 5.4 Headphones with Earhook, 2025 Hi-Fi Stereo Over Ear Buds, 50H Earphones with 4 ENC Noise Canceling Mics, IP7 Waterproof Headset for Running Workout (Android/iOS)",$23.74,4.9 out of 5 stars,474
More results,,,
"JBL Tune Flex - True Wireless Noise Cancelling Earbuds (Black), Small",$49.95,4.0 out of 5 stars,"9,165"
"DOQAUS Over Ear Bluetooth Headphones Wireless, 90H Playtime, BT 5.4, 9 EQ Modes, HiFi Deep Bass, Movie & Sleep Mode, White Noises w/App Control, Memory Foam Cups for Travel, Gym, Workout, PC, Phone",$16.97,4.4 out of 5 stars,"7,422"
"Soundcore by Anker Liberty 4 NC Wireless Earbuds, 98.5% Noise Reduction, Adaptive Noise Cancelling to Ears and Environment, Hi-Res Sound, 50H Battery, Wireless Charging, Bluetooth 5.3",$56.99,4.2 out of 5 stars,"18,575"
"RUNOLIM Hybrid Active Noise Cancelling Headphones, Wireless Over Ear Bluetooth Headphones with Microphone, 70H Playtime, Foldable Headphone with HiFi Audio, Deep Bass for Home Travel Office",$18.99,4.4 out of 5 stars,"6,055"
"Skullcandy Crusher Evo Wireless Bluetooth Headphones with Multi-Sensory Bass and Charging Cable, Noise Isolating Over-Ear Fit, Up to 40 Hours Battery, Microphone for iPhone Android - True Black",$94.99,4.7 out of 5 stars,"4,214"
"Wireless Earbuds, 2025 Bluetooth 5.4 Headphones Sport, Bluetooth Earbuds with ENC Noise Canceling Mic, 50H Stereo Wireless Headphones IP7 Waterproof with Earhooks, Dual LED Display for Workout/Running",$25.64,4.9 out of 5 stars,717
Wireless Earbuds Bluetooth 5.4 Headphones Bass Stereo Ear Buds with Noise Cancelling Mic LED Display in Ear Earphones IP7 Waterproof 36H Playtime for Laptop Pad Phones Sports Workout Rose Gold,$21.99,4.6 out of 5 stars,"49,477"
"Soundcore V20i by Anker Open-Ear Headphones, Adjustable Ear Hooks, Ultra-Comfort, Snug Fit, Powerful Sound, Clear Calls, IP55, 36H Playtime, Bluetooth 5.4 Wireless Earbuds, Multipoint Connection",$23.49,4.4 out of 5 stars,"4,676"
"KVIDIO Active Noise Cancelling Headphones, 70 Hours Playtime Bluetooth Headphones Wireless with Microphone, Transparency Mode, Deep Bass and Hi-Fi Stereo Sound Over Ear for Travel Office",$19.98,4.4 out of 5 stars,"10,541"
"seenda Kids Bluetooth Headphones Boys, Kids Wireless Headphones with 85/94dB Volume Limited, 45H Playtime, 3 Lighting Modes, Built-in Mic, Over Ear Headset with Aux Cord for iPad/Tablet/Travel/School",$19.98,4.6 out of 5 stars,955
"Over Ear Headphones Wireless 80H Playtime, Bluetooth Headphones Over Ear with 3 EQ Modes, Built-in ENC Mic,Deep Bass, HiFi Stereo Foldable 5.4 Bluetooth Headset for Phone PC Travel Gym Workout Office",$14.44,4.4 out of 5 stars,304
"Wireless Earbuds, Bluetooth 5.4 Ear Buds LED Power Display Headphones Bass Stereo, Bluetooth Earbuds in-Ear Noise Cancelling Mic, 40H Playback Mini Case IP7 Waterproof Sports Earphones for Android iOS",$16.14,4.3 out of 5 stars,"12,112"
"Soundcore by Anker, Space One, Active Noise Cancelling Headphones, 2X Stronger Voice Reduction, 40H ANC Playtime, App Control, LDAC Hi-Res Wireless Audio, Comfortable Fit, Clear Calls, Bluetooth 5.3",$65.55,4.4 out of 5 stars,"9,315"
"TOZO T20 Wireless Earbuds Bluetooth Headphones 48.5 Hrs Playtime with LED Digital Display, IPX8 Waterproof, Dual Mic Call Noise Cancelling 10mm Broad Range Speakers with Wireless Charging Case",$19.98,4.4 out of 5 stars,"5,204"
"Soundcore by Anker Life A1 True Wireless Earbuds, Powerful Customized Sound, 40H Playtime, Wireless Charging, USB-C Fast Charge, IPX7 Waterproof, Button Control, Bluetooth Earbuds, Commute, Sports",$32.49,4.3 out of 5 stars,"41,148"
"Tribit Wireless Earbuds, 110H Playtime Bluetooth 5.3 IPX8 Waterproof Touch Control True Wireless Bluetooth Earbuds with Mic Earphones in-Ear Deep Bass Built-in Mic Bluetooth Headphones, FlyBuds 3",$33.99,4.2 out of 5 stars,"28,887"
"TOZO T12 Wireless Earbuds Bluetooth 5.3 Headphones, Call ENC Noise Cancelling Mic, 55Hrs Playtime App Customize EQ IPX8 Waterproof LED Digital Display Premium Sound Headset",$19.98,4.3 out of 5 stars,"76,561"
"Soundcore by Anker V30i Open-Ear Headphones, Ultra-Comfort, Lightweight Design, Snug Fit, Ergonomic Ear Hooks, Robust Bass, 36H Playtime, Bluetooth 5.3, App Control, Clear Calls, Wireless Earbuds",$34.99,4.3 out of 5 stars,"2,934"
"Skullcandy Method 360 ANC Wireless Earbuds, Sound by Bose, Bluetooth Headphones, Premium Noise Cancelling, Up to 40 Hrs Battery, Sweat and Water Resistant, Microphone for iPhone Android - True Black",$75.99,4.2 out of 5 stars,508
"JBL Live Free 2 - True Wireless Noise Cancelling Earbuds, Up to 35hrs of Playtime, 6 mics for Perfect Calls with Zero Noise, IPX5 Waterproof, Oval Tubes for Better Comfort, Isolation, & bass (Silver)",$119.95,4.2 out of 5 stars,"1,983"
Need help?,,,or
Results,,,Check each product page for other buying options.
"Skullcandy Crusher Evo Wireless Bluetooth Headphones with Multi-Sensory Bass and Charging Cable, Noise Isolating Over-Ear Fit, Up to 40 Hours Battery, Microphone for iPhone Android - True Black",$94.99,4.7 out of 5 stars,"4,214"
"Wireless Earbuds Bluetooth 5.3 Headphones Sports, 48Hrs Playback Over Ear Buds with CVC8.0 Mic, Bass Stereo Bluetooth Earbuds with Earhooks, LED Display, IP7 Waterproof Earphones for Workout/Running",$21.24,4.6 out of 5 stars,427
"King Lucky Clip on Earbuds Open Ear Wireless Bluetooth 5.4 Headphones with Mic,50H Play,Noise Cancelling,Waterproof,Sports Ear Buds,Comfortable for Small Ears & Glasses Wearers,Workouts (Purple)",$23.92,4.3 out of 5 stars,"1,947"
"Bluetooth Headphones Over Ear, 60 Hours Playtime Foldable Headphones Wireless Bluetooth Hi-Fi Stereo Deep Bass with 6 EQ Modes, Adjustable Lightweight Headset with Microphone, FM, SD/TF for Adults",$19.98,4.3 out of 5 stars,"11,822"
"Sennheiser Consumer Audio HD 450BT Bluetooth 5.0 Wireless Headphone with Active Noise Cancellation - 30-Hour Battery Life, USB-C Fast Charging, Virtual Assistant Button, Foldable - Black",,3.8 out of 5 stars,"9,232"
Today's deals,$94.99,4.7 out of 5 stars,"4,214"
"Skullcandy Crusher Evo Wireless Bluetooth Headphones with Multi-Sensory Bass and Charging Cable, Noise Isolating Over-Ear Fit, Up to 40 Hours Battery, Microphone for iPhone Android - True Black",$94.99,4.7 out of 5 stars,"4,214"
"Skullcandy Crusher ANC 2 Wireless Over-Ear Bluetooth Headphones with Multi-Sensory Bass and Charging Cable, Active Noise Cancelling, Up to 60 Hours Battery, Microphone for iPhone Android - True Black",$123.49,4.7 out of 5 stars,"1,860"
"Puro Sound Labs: PuroPro Hybrid Active Noise Cancelling Volume Limiting Headphones, Wireless Over Ear Bluetooth Headphones, 32h Playtime, Hi-Res Audio, Memory Foam Ear Cups, for Travel and Home Office",$99.00,4.3 out of 5 stars,138
"Avantree Quartet 2 - Bluetooth-Compatible Wireless Group Listening Headphones & Transmitter Set for Parties, Silent Discos, Church, TV - Multiple Rechargeable Headphones with Low Latency & Clear Sound",$239.99,4.5 out of 5 stars,243
"1Mii Y8 Noise Cancelling Headphones, Wireless LDAC Hi-Res Audio, 75H Battery Life, Comfortable, Over Ear Headphones Bluetooth 5.3 for Plane/Travel/Office - Black",$34.79,4.4 out of 5 stars,397
More results,,,
"Wireless Earbuds, Bluetooth 5.4 Headphones in Ear with 4 ENC Noise Cancelling Mic, New Wireless Earphones HiFi Stereo Deep Bass 40H Playtime, In-Ear Bluetooth Earbuds LED Display IP7 Waterproof, USB-C",$18.69,4.4 out of 5 stars,"1,710"
"Otium Bluetooth Earbuds Wireless Headphones Bluetooth Headphones, Sports Earbuds, IPX7 Waterproof Stereo Earphones for Gym Running 15 Hours Playtime Sound Isolation Headsets,Black",$15.79,4.3 out of 5 stars,"17,027"
"LEVN Hybrid Active Noise Cancelling Headphones, Wireless Headphones Bluetooth 5.4 with Transparent Mode, Hi-Res Audio, Deep Bass, 70H Playtime Over Ear Bluetooth Headset for Work/Travel/Home/Office",$39.99,4.9 out of 5 stars,276
"Bluetooth Headphones, Wireless Earbuds IPX7 Waterproof Bluetooth 5.3 Headphones with 16Hrs Playtime Stereo Bass Headsets with Mic Running Headsets with Earhooks for Sports Running Workout",$15.99,4.3 out of 5 stars,"2,453"
"Wireless Earbuds, Bluetooth Headphones V5.4 Stereo Bass Ear Buds with ENC Noise Cancelling Mics,56H Bluetooth Earbuds with LED Display Charging Case, IP7 Waterproof Earphones for Android iOS【2025】",$18.99,3.9 out of 5 stars,8
4 stars and above,$99.00,4.3 out of 5 stars,| Based on star rating and number of customer ratings
"Puro Sound Labs: PuroPro Hybrid Active Noise Cancelling Volume Limiting Headphones, Wireless Over Ear Bluetooth Headphones, 32h Playtime, Hi-Res Audio, Memory Foam Ear Cups, for Travel and Home Office",$99.00,4.3 out of 5 stars,138
"Skullcandy Crusher ANC 2 Wireless Over-Ear Bluetooth Headphones with Multi-Sensory Bass and Charging Cable, Active Noise Cancelling, Up to 60 Hours Battery, Microphone for iPhone Android - True Black",$123.49,4.7 out of 5 stars,"1,860"
"Avantree Quartet 2 - Bluetooth-Compatible Wireless Group Listening Headphones & Transmitter Set for Parties, Silent Discos, Church, TV - Multiple Rechargeable Headphones with Low Latency & Clear Sound",$239.99,4.5 out of 5 stars,243
"RORSOU B10 Bluetooth Headphones Over Ear, Lightweight Folding Stereo Bass Wireless Headset with Mic, 50H Playtime, Volume Control, Bluetooth 5.3 Headphones for iPad/Travel/Tablet/PC (Black)",$17.99,4.5 out of 5 stars,"1,799"
"1Mii Y8 Noise Cancelling Headphones, Wireless LDAC Hi-Res Audio, 75H Battery Life, Comfortable, Over Ear Headphones Bluetooth 5.3 for Plane/Travel/Office - Black",$34.79,4.4 out of 5 stars,397
More results,,,
TAGRY Wireless Earbuds Blueetooth Headphones 80Hrs Playtime Power Display IPX7 Waterproof Sport Ear Buds with Deep Bass in Ear Earphones for Running Workout Exercise Gym Black,$47.48,4.8 out of 5 stars,270
"Bluetooth Headset, Wireless Headset with Microphone for PC, V5.2 Computer Headset with Noise Cancelling Mic, USB Dongle, Charging Base & Mute Button for Work, Cell Phones, Computer (Black)",$43.98,4.3 out of 5 stars,"1,693"
"Stiive Bluetooth Headphones, 5.3 Wireless Sports Earbuds IPX7 Waterproof with Mic, Stereo Sweatproof in-Ear Earphones, Noise Cancelling Headsets for Gym Running Workout, 16 Hours Playtime - GreenBlack",$14.39,4.1 out of 5 stars,"6,653"
"Beats Solo 4 - Wireless Bluetooth On-Ear Headphones, Apple & Android Compatible, Up to 50 Hours of Battery Life - Warm White (Renewed)",$119.00,4.5 out of 5 stars,564
"ov202w Over Ear Noise Cancelling Headphones, 100+ Hours of Listening ANC Hybrid Active Noise Canceling Battery Best HiFi Headset for Studio Monitor, Beats, Musicians, Gym, Guitar, Bass",$147.20,4.8 out of 5 stars,32
"Open Ear Sport Headphones, Wireless Bone Conduction Earphones, Built-in 32GB MP3,with Mic, IP68, Sweat & Water Resistant, Up to 8 Hours Battery, Bluetooth 5.3, for Running, Workouts, Swimming",$67.99,4.4 out of 5 stars,173
"Open Ear Headphones, Bluetooth Headphones 5.3 Sports with Smart Digital Display, 36H Playtime, IP54 Waterproof, Wireless Earbuds Lightweight Design Fit Cycling, Running, Workout (Black)",$16.98,4.4 out of 5 stars,"2,784"
MIDOLA Bluetooth Headphones Over Ear 68H Playtime 6 EQ Wireless Headset with Microphone HiFi Stereo Foldable Lightweight Deep Bass for Travel Home Office Cellphone Red,$15.99,4.5 out of 5 stars,790
"Apple AirPods Max Wireless Over-Ear Headphones, Active Noise Cancelling, Transparency Mode, Personalized Spatial Audio, Dolby Atmos, Bluetooth Headphones for iPhone – Space Gray",$533.11,4.5 out of 5 stars,"8,119"
"Sound Blaster JAM V2 On-Ear Lightweight Bluetooth 5.0 Wireless Headphones with USB-C, aptX Low Latency, aptX HD, Multipoint Connectivity, Voice Detection and Noise Reduction, 22 Hours Battery Life",$39.99,4.2 out of 5 stars,"2,458"
"Wireless Earbuds,Bluetooth in Ear Buds with Immersive Surround Sound Stereo,Tap-Control,48 Hours Playtime,Bluetooth 5.4 LED Display Charging Case,IPX7 Waterproof Fit iPhone&Andriod Sports Workout",$199.99,4.9 out of 5 stars,459
"Skullcandy Hesh Evo Wireless Over-Ear Bluetooth Headphones with Charging Cable, Noise Isolating, Up to 36 Hours Battery, Foldable Lightweight Design, Microphone for iPhone Android - True Black",$56.99,4.5 out of 5 stars,"1,487"
"Bose QuietComfort Bluetooth Earbuds, True Wireless Earbuds with Active Noise Cancellation and Mic, Deep Bass, IPX4 Rating, Up to 8.5 Hours of Playtime, Black",,4.0 out of 5 stars,"3,433"
"Wireless Earbuds, Bluetooth 5.4 Headphones, True Wireless Stereo Earphones with IPX7 Waterproof, Noise Cancelling Mic, Fast Charging and Comfort Fit Ear Buds for Sports/Workouts - Black",$16.99,4.9 out of 5 stars,"1,385"
TOZO Hybrid Active Noise Cancelling Wireless Earbuds with 6 Mics AI Clear Call Ear Buds 55H Playtime with LED Display 32 Preset EQs via APP Bluetooth 5.3 IPX8 Waterproof in Ear Headphones,$24.98,4.5 out of 5 stars,"3,962"
"1Mii Y8+ Noise Cancelling Headphones Bluetooth, Wireless LDAC Hi-Res Audio, Custom EQ via App, 75H Playtime, Comfort Fit, Over Ear Headphones Foldable for Airplane Travel Home Office Black",$39.99,4.5 out of 5 stars,209
bmanl Wireless Earbuds Bluetooth Headphones 48hrs Play Back Sport Earphones with LED Display Over-Ear Buds with Earhooks Built-in Mic Headset for Workout Black,$24.99,4.4 out of 5 stars,"29,918"
"2.4GHz Wireless Gaming Headphones for PS5, PS4 Fortnite & Call of Duty/FPS Gamers, PC, Nintendo Switch, Bluetooth 5.3 Gaming Headset with Noise Canceling Mic, Stereo Sound, 40+Hr Battery -Black",$29.98,4.3 out of 5 stars,"10,609"
"TOZO Hybrid Active Noise Cancelling Wireless Earbuds, 6 Mics ENC Clear Call, IPX8 Waterproof, in Ear Bluetooth 5.3 Headphones Stereo Bass Ear Buds 59H Playtime with LED Display 32 EQs via APP",$27.98,4.4 out of 5 stars,"7,866"
"POLY HP Voyager Legend 30 - Bluetooth Monaural Headset - Discreet Boom & 4 Noise-Canceling Mics, WindSmart Technology, All-Day Comfort, Seamless Connectivity, Smart Sensors & Call Controls, Black",$71.99,4.7 out of 5 stars,71
Need help?,,,or
Results,,,Check each product page for other buying options.
"Skullcandy Crusher Evo Wireless Bluetooth Headphones with Multi-Sensory Bass and Charging Cable, Noise Isolating Over-Ear Fit, Up to 40 Hours Battery, Microphone for iPhone Android - Bone",$94.99,4.7 out of 5 stars,"4,214"
"Tribit Wireless Earbuds, 110H Playtime Bluetooth 5.3 IPX8 Waterproof Touch Control True Wireless Bluetooth Earbuds with Mic Earphones in-Ear Deep Bass Built-in Mic Bluetooth Headphones, FlyBuds 3",$33.99,4.2 out of 5 stars,"28,887"
"CXK Bone Conduction Headphones Bluetooth 5.4 Open Ear Headphones with Mic, Premium Loud Sound 10Hrs Playtime Bluetooth Headphones, IPX6 Waterproof Sports Headset for Running, Cycling, Walking",$29.99,4.1 out of 5 stars,"2,696"
TAGRY Bluetooth Headphones True Wireless Earbuds 60H Playback LED Power Display Earphones with Wireless Charging Case IPX5 Waterproof in-Ear Ear buds with Mic for TV Smart Phone Laptop Computer Sports,$49.99,4.4 out of 5 stars,"74,545"
TAGRY Wireless Earbuds Blueetooth Headphones 80Hrs Playtime Power Display IPX7 Waterproof Sport Ear Buds with Deep Bass in Ear Earphones for Running Workout Exercise Gym Black,$47.48,4.8 out of 5 stars,270
Today's deals,$94.99,4.7 out of 5 stars,"4,214"
"Skullcandy Crusher Evo Wireless Bluetooth Headphones with Multi-Sensory Bass and Charging Cable, Noise Isolating Over-Ear Fit, Up to 40 Hours Battery, Microphone for iPhone Android - True Black",$94.99,4.7 out of 5 stars,"4,214"
"Wireless Earbuds Sport, Bluetooth 5.4 Headphones with Earhook, 2025 Hi-Fi Stereo Over Ear Buds, 50H Earphones with 4 ENC Noise Canceling Mics, IP7 Waterproof Headset for Running Workout (Android/iOS)",$23.74,4.9 out of 5 stars,474
"Wireless Earbuds, Bluetooth Ear Buds with Big Bass Stereo Sound, 48 Hours Playtime, Lightweight in-Ear Fit Earphones, IPX7, Hands-Free Calls with AI for iPhone, Android, Pad, Sports, Workout",$16.99,4.8 out of 5 stars,754
"Wireless Earbuds Bluetooth 5.3 Headphones Sports, 48Hrs Playback Over Ear Buds with CVC8.0 Mic, Bass Stereo Bluetooth Earbuds with Earhooks, LED Display, IP7 Waterproof Earphones for Workout/Running",$21.24,4.6 out of 5 stars,427
"Skullcandy Crusher ANC 2 Wireless Over-Ear Bluetooth Headphones with Multi-Sensory Bass and Charging Cable, Active Noise Cancelling, Up to 60 Hours Battery, Microphone for iPhone Android - True Black",$123.49,4.7 out of 5 stars,"1,860"
More results,,,
"Beats Powerbeats Pro 2 Wireless Bluetooth Earbuds - Noise Cancelling, Heart Rate Monitor, IPX4, Up to 45H Battery & Charging Case, Works with Apple & Android - Hyper Purple",,4.1 out of 5 stars,"1,514"
"iClever Kids Bluetooth Headphones with LED Lights, 43H Playtime, Type-C Fast Charging, BTH18 Safe Volume 74/85dBA, Bluetooth5.3,Toddler Headphones Aux Cord for iPad/Tablet/Travel/School, Blue",$14.98,4.6 out of 5 stars,"2,923"
JLab Go Work Gen 2 Wireless Headsets with Microphone - 55+ Playtime PC Bluetooth Headset and Multipoint Connect to Laptop Computer and Mobile - Wired or Wireless (Bluetooth or USB Dongle) Headphones,$34.99,3.9 out of 5 stars,"1,548"
"seenda Kids Bluetooth Headphones Boys, Kids Wireless Headphones with 85/94dB Volume Limited, 45H Playtime, 3 Lighting Modes, Built-in Mic, Over Ear Headset with Aux Cord for iPad/Tablet/Travel/School",$19.98,4.6 out of 5 stars,955
"Bose QuietComfort Bluetooth Earbuds, True Wireless Earbuds with Active Noise Cancellation and Mic, Deep Bass, IPX4 Rating, Up to 8.5 Hours of Playtime, Black",,4.0 out of 5 stars,"3,433"
4 stars and above,$149.95,4.2 out of 5 stars,| Based on star rating and number of customer ratings
"JBL Tour One M2 - Wireless Over-Ear Noise Cancelling Headphones (Black), Medium",$149.95,4.2 out of 5 stars,573
"Wireless Earbuds Sport, Bluetooth 5.4 Headphones with Earhook, 2025 Hi-Fi Stereo Over Ear Buds, 50H Earphones with 4 ENC Noise Canceling Mics, IP7 Waterproof Headset for Running Workout (Android/iOS)",$23.74,4.9 out of 5 stars,474
"Wireless Earbuds, Bluetooth Ear Buds with Big Bass Stereo Sound, 48 Hours Playtime, Lightweight in-Ear Fit Earphones, IPX7, Hands-Free Calls with AI for iPhone, Android, Pad, Sports, Workout",$16.99,4.8 out of 5 stars,754
"Wireless Earbuds Bluetooth 5.3 Headphones Sports, 48Hrs Playback Over Ear Buds with CVC8.0 Mic, Bass Stereo Bluetooth Earbuds with Earhooks, LED Display, IP7 Waterproof Earphones for Workout/Running",$21.24,4.6 out of 5 stars,427
"Skullcandy Crusher ANC 2 Wireless Over-Ear Bluetooth Headphones with Multi-Sensory Bass and Charging Cable, Active Noise Cancelling, Up to 60 Hours Battery, Microphone for iPhone Android - True Black",$123.49,4.7 out of 5 stars,"1,860"
More results,,,
"Skullcandy Smokin’ Buds Wireless Earbuds, Bluetooth Headphones, Noise Isolating Fit, Up to 20 Hours Battery, IPX4 Sweat and Water Resistant, Microphone for iPhone Android - True Black",$24.99,4.3 out of 5 stars,"4,326"
"TOZO E2 Wireless Earbuds 10mm Drivers with Powerful Bass, App Customize 32 EQs, with 2 Mics AI Call Noise Cancellation, 30H Playtime, Bluetooth 5.3 Ear Buds, Comfort Fit in-Ear Headphones",$9.98,4.5 out of 5 stars,"1,464"
"Samsung Galaxy Buds FE True Wireless Bluetooth Earbuds, Comfort and Secure in Ear Fit, Auto Switch Audio, Touch Control, Built-in Voice Assistant, Graphite [US Version, 1Yr Manufacturer Warranty]",$52.24,4.3 out of 5 stars,"5,598"
"Skullcandy Riff 2 Wireless On-Ear Bluetooth Headphones, Up to 34 Hrs Battery, Foldable Lightweight Design, Convenient for Travel with Backup 3.5mm AUX Cable, Microphone for iPhone Android - True Black",$48.99,4.4 out of 5 stars,"9,724"
"Skullcandy Method 360 ANC Wireless Earbuds, Sound by Bose, Bluetooth Headphones, Premium Noise Cancelling, Up to 40 Hrs Battery, Sweat and Water Resistant, Microphone for iPhone Android - True Black",$75.99,4.2 out of 5 stars,508
TAGRY Wireless Earbuds Blueetooth Headphones 80Hrs Playtime Power Display IPX7 Waterproof Sport Ear Buds with Deep Bass in Ear Earphones for Running Workout Exercise Gym Black,$47.48,4.8 out of 5 stars,270
"Sony ULT WEAR Over-Ear Noise Cancelling Bluetooth Headphones with Alexa Built-in, Comfortable Design, 30-Hour Battery, Massive Bass, Black",$128.00,4.3 out of 5 stars,"1,650"
"Bluetooth Headphones Over Ear, 60 Hours Playtime Foldable Headphones Wireless Bluetooth Hi-Fi Stereo Deep Bass with 6 EQ Modes, Adjustable Lightweight Headset with Microphone, FM, SD/TF for Adults",$19.98,4.3 out of 5 stars,"11,822"
"Skullcandy Jib+ Wireless Earbuds, Bluetooth Headphones, Up to 6 Hrs Battery, Noise Isolating Fit, Sweat Resistant, Built-In Microphone, iPhone Android, Ear Gel Sizes Included for Custom Fit - Black",$17.88,4.1 out of 5 stars,"11,586"
"JBL Vibe Beam 2 - True Wireless Noise Cancelling Earbuds Pure Bass Sound & Smart Ambient Technology, 4mics for Crisp, Clear Calls, up to 40Hrs of Playback, IP54 Dust & Water Resistant (Black)",$59.95,4.2 out of 5 stars,105
"Logitech G733 Lightspeed Wireless Gaming Headset, Suspension Headband, Lightsync RGB, Blue VO!CE Mic, PRO-G Audio – Black, Gaming Headset Wireless, PC, PS5, PS4, Switch Compatible",,4.4 out of 5 stars,"17,859"
"Wireless Earbuds, 2025 Ear Buds with Big Bass Stereo Sound, Lightweight Bluetooth Earbuds with 48 Hours Playtime, in-Ear Fit Earphones, IPX7, Hands-Free Calls with AI for iPhone, Android, Pad",$17.99,4.5 out of 5 stars,"1,788"
"Skullcandy Jib True 2 Wireless Earbuds, Bluetooth Headphones, Up to 33 Hours Battery with Charging Case, Noise Isolating Fit, Sweat and Water Resistant, Microphone for iPhone Android - True Black",$27.97,4.3 out of 5 stars,"5,388"
"Bluetooth Headset, Wireless Bluetooth Earpiece with LED Charging Case, Hands Free Noise Canceling Headphones with Dual-Mic for Computer Cell Phones Trucker Home Office Work - Black",$20.39,4.9 out of 5 stars,182
"JLab Go Work Wireless Headsets with Microphone, 45+ Playtime PC Bluetooth Headset and Multipoint Connect to Laptop Computer and Mobile, Wired or Wireless Headphones (1 Pack)",,3.9 out of 5 stars,"10,267"
"JLab JBuds Pro Bluetooth Wireless Signature Earbuds, Black, Titanium 10mm Drivers, 10-Hour Battery Life, Music Controls, Noise Isolation, Bluetooth 4.1 Extra Gel Tips and Cush Fins",,4.2 out of 5 stars,"13,406"
"2.4GHz Wireless Gaming Headphones for PS5, PS4 Fortnite & Call of Duty/FPS Gamers, PC, Nintendo Switch, Bluetooth 5.3 Gaming Headset with Noise Canceling Mic, Stereo Sound, 40+Hr Battery -Black",$29.98,4.3 out of 5 stars,"10,609"
"Wireless Earbuds, Bluetooth Headphones 5.3 HiFi Stereo Ear Buds, 80H Bluetooth Earbuds with Dual LED Display Charging Case, IPX7 Waterproof Earphones for Android iOS Black",$16.99,5.0 out of 5 stars,372
"Wireless Earbuds, Bluetooth Ear Buds with Big Bass Stereo Sound, 48 Hours Playtime, Lightweight in-Ear Fit Earphones, IPX7, Hands-Free Calls with AI for iPhone, Android, Pad, Sports, Workout",$16.99,4.8 out of 5 stars,754
"Sony WF-1000XM5 The Best Truly Wireless Bluetooth Noise Canceling Earbuds & in-Ear Headphones with Alexa Built-in, Black",$198.00,3.8 out of 5 stars,"4,523"
Need help?,,,or
Results,,,Check each product page for other buying options.
"Skullcandy Crusher Evo Wireless Bluetooth Headphones with Multi-Sensory Bass and Charging Cable, Noise Isolating Over-Ear Fit, Up to 40 Hours Battery, Microphone for iPhone Android - True Black",$94.99,4.7 out of 5 stars,"4,214"
"Wireless Earbuds, 2025 Bluetooth 5.4 Headphones Sport, Bluetooth Earbuds with ENC Noise Canceling Mic, 50H Stereo Wireless Headphones IP7 Waterproof with Earhooks, Dual LED Display for Workout/Running",$25.64,4.9 out of 5 stars,717
"Bowers & Wilkins Px7 S2e Over-Ear Headphones - Enhanced Noise Cancellation & Transparency Mode, Crystal-Clear Calls, Bluetooth, 30-Hour Playback, Cloud Grey",$349.00,4.4 out of 5 stars,"1,303"
"Logitech H390 Wired Headset for PC/Laptop, Stereo Headphones with Noise Cancelling Microphone, USB-A, In-Line Controls, Works with Chromebook",,4.3 out of 5 stars,"68,259"
Audio-Technica ATH-M20xBT Wireless Over-Ear Headphones,$89.00,4.3 out of 5 stars,"1,608"
Today's deals,$94.99,4.7 out of 5 stars,"4,214"
"Skullcandy Crusher Evo Wireless Bluetooth Headphones with Multi-Sensory Bass and Charging Cable, Noise Isolating Over-Ear Fit, Up to 40 Hours Battery, Microphone for iPhone Android - True Black",$94.99,4.7 out of 5 stars,"4,214"
"Puro Sound Labs: PuroPro Hybrid Active Noise Cancelling Volume Limiting Headphones, Wireless Over Ear Bluetooth Headphones, 32h Playtime, Hi-Res Audio, Memory Foam Ear Cups, for Travel and Home Office",$99.00,4.3 out of 5 stars,138
"Wireless Earbuds, 2025 Bluetooth 5.4 Headphones Sport, Bluetooth Earbuds with ENC Noise Canceling Mic, 50H Stereo Wireless Headphones IP7 Waterproof with Earhooks, Dual LED Display for Workout/Running",$25.64,4.9 out of 5 stars,717
"StarClip Open-Ear Wireless Bluetooth Headphones, Clip-On Earbuds, 4D Panoramic Sound, Clear Calls, Lightweight, Secure Fit, IP54 Water-Resistant Ear Grips for Workout and Daily Use, Silver",$59.99,4.3 out of 5 stars,61
"Skullcandy Crusher ANC 2 Wireless Over-Ear Bluetooth Headphones with Multi-Sensory Bass and Charging Cable, Active Noise Cancelling, Up to 60 Hours Battery, Microphone for iPhone Android - True Black",$123.49,4.7 out of 5 stars,"1,860"
More results,,,
"1Mii Y8+ Noise Cancelling Headphones Bluetooth, Wireless LDAC Hi-Res Audio, Custom EQ via App, 75H Playtime, Comfort Fit, Over Ear Headphones Foldable for Airplane Travel Home Office Black",$39.99,4.5 out of 5 stars,209
"Beats Solo 4 - Wireless Bluetooth On-Ear Headphones, Apple & Android Compatible, Up to 50 Hours of Battery Life - Warm White (Renewed)",$119.00,4.5 out of 5 stars,564
"Ltinist Wireless Earbud, Bluetooth 5.3 Headphones Pure Bass Sound with Earhooks, 75H Battery Over Ear Headphones with Dual-LED Display, IP7 Waterproof Earphones Built-in Microphone for Running Sports",$35.99,4.4 out of 5 stars,"20,388"
"Apple AirPods Max Wireless Over-Ear Headphones, Active Noise Cancelling, Transparency Mode, Personalized Spatial Audio, Dolby Atmos, Bluetooth Headphones for iPhone – Space Gray",$533.11,4.5 out of 5 stars,"8,119"
"Skullcandy Hesh Evo Wireless Over-Ear Bluetooth Headphones with Charging Cable, Noise Isolating, Up to 36 Hours Battery, Foldable Lightweight Design, Microphone for iPhone Android - True Black",$56.99,4.5 out of 5 stars,"1,487"
4 stars and above,$99.00,4.3 out of 5 stars,| Based on star rating and number of customer ratings
"Puro Sound Labs: PuroPro Hybrid Active Noise Cancelling Volume Limiting Headphones, Wireless Over Ear Bluetooth Headphones, 32h Playtime, Hi-Res Audio, Memory Foam Ear Cups, for Travel and Home Office",$99.00,4.3 out of 5 stars,138
"Small Bluetooth Headphones Wrap Around Head - Sports Wireless Headset with Built in Microphone and Crystal-Clear Sound, Foldable and Carried in The Purse, and 12-Hour Battery Life, Black",$28.49,4.1 out of 5 stars,"5,404"
"Wireless Earbuds, 2025 Bluetooth 5.4 Headphones Sport, Bluetooth Earbuds with ENC Noise Canceling Mic, 50H Stereo Wireless Headphones IP7 Waterproof with Earhooks, Dual LED Display for Workout/Running",$25.64,4.9 out of 5 stars,717
"StarClip Open-Ear Wireless Bluetooth Headphones, Clip-On Earbuds, 4D Panoramic Sound, Clear Calls, Lightweight, Secure Fit, IP54 Water-Resistant Ear Grips for Workout and Daily Use, Silver",$59.99,4.3 out of 5 stars,61
"Skullcandy Crusher ANC 2 Wireless Over-Ear Bluetooth Headphones with Multi-Sensory Bass and Charging Cable, Active Noise Cancelling, Up to 60 Hours Battery, Microphone for iPhone Android - True Black",$123.49,4.7 out of 5 stars,"1,860"
More results,,,
"Wireless Earbuds, 2025 Bluetooth 5.4 Headphones HiFi Stereo, Bluetooth Earbuds with ENC Noise Cancelling Mic, IP7 Waterproof in Ear Earphones, 68H Dual LED Display Ear Buds for Workout Sports",$16.99,,3K+ bought in past month
"JBL Tune Flex - True Wireless Noise Cancelling Earbuds (Black), Small",$49.95,4.0 out of 5 stars,"9,165"
"2.4GHz Wireless Gaming Headset for PC, Ps5, Ps4 - Lossless Audio USB & Type-C Ultra Stable Gaming Headphones with Flip Microphone, 40-Hr Battery Gamer Headset for Switch, Laptop, Mobile, Mac",$26.99,4.2 out of 5 stars,"9,857"
"1 Hora Wireless Earbuds Bluetooth 5.3, Sports Headphones Deep Bass in-Ear Earphones, Premium Sound with Charging Case, Compatible with iPhone, Android Smartphone, Tablet, Laptop",$12.99,4.1 out of 5 stars,"9,717"
"TOZO Hybrid Active Noise Cancelling Wireless Earbuds, 6 Mics ENC Clear Call, IPX8 Waterproof, in Ear Bluetooth 5.3 Headphones Stereo Bass Ear Buds 59H Playtime with LED Display 32 EQs via APP",$27.98,4.4 out of 5 stars,"7,866"
"BESIGN BTH02 Wireless Headphones for TV Watching with Bluetooth Transmitter Charging Dock, TV Headphones Wireless for Seniors, Bluetooth Headsets, 100ft Range No Audio Delay",$39.99,4.1 out of 5 stars,"2,898"
"Sony ZX Series Wired On-Ear Headphones, Black MDR-ZX110",,4.5 out of 5 stars,"108,275"
"King Lucky Clip on Earbuds Open Ear Wireless Bluetooth 5.4 Headphones with Mic,50H Play,Noise Cancelling,Waterproof,Sports Ear Buds,Comfortable for Small Ears & Glasses Wearers,Workouts (Purple)",$23.92,4.3 out of 5 stars,"1,947"
"JBL Tune Buds - True wireless Noise Cancelling earbuds, JBL Pure Bass Sound, Bluetooth 5.3, 4-Mic technology for Crisp, Clear Calls, Up to 48 hours of battery life, Water and dust resistant (Black)",$49.95,4.1 out of 5 stars,"6,378"
"Wireless Earbuds,Bluetooth in Ear Buds with Immersive Surround Sound Stereo,Tap-Control,48 Hours Playtime,Bluetooth 5.4 LED Display Charging Case,IPX7 Waterproof Fit iPhone&Andriod Sports Workout",$199.99,4.9 out of 5 stars,459
"Raycon The Everyday Wireless Bluetooth Over Ear Headphones, with Active Noise Cancelling, Awareness Mode and Built in Microphone, IPX 4 Water Resistance, 40 Hours of Battery Life (Black)",$69.99,4.5 out of 5 stars,"3,478"
Open Ear Earbuds Lightweight Comfort Clip Wireless Earbuds Sweat Resistant Bluetooth Headphones Sport Headphones for Workouts and Running with Dual Digital Display 44H Playtime IPX7 Waterproof,$16.14,4.4 out of 5 stars,838
"Wireless Headphones for TV, TV Headphones Wireless for Seniors, Versatile Charging Dock with Transmitter, Instant Audio Sync, 65-Hour Battery Life, Ideal Gift for Parents & Seniors",$69.99,4.7 out of 5 stars,349
"JBL Live 670NC - Wireless On-Ear Headphones with Adaptive Noise Cancelling with Smart Ambient, Up to 65H Battery Life with Speed Charge, Lightweight, Comfortable and Foldable Design (Sandstone)",,4.4 out of 5 stars,702
"LEVN Wireless Headset, Wireless Headset with Mic for Work, AI Noise Cancelling, 65 Hrs Working Time, Bluetooth Headphones with Microphone from Home/Computer/Call Center/Teams",$69.98,4.8 out of 5 stars,245
"Poly - Voyager 4320 UC Wireless Headset (Plantronics) - Headphones with Boom Mic - Connect to PC/Mac via USB-A Bluetooth Adapter, Cell Phone via Bluetooth - Works with Teams, Zoom & More",$118.92,3.9 out of 5 stars,396
"Sennheiser MOMENTUM 4 Wireless Headphones, Bluetooth for Crystal-Clear Calls w/Adaptive Noise Cancellation, 60h Battery Life, Customizable Sound & Lightweight Folding Design, Graphite",$265.95,4.0 out of 5 stars,"7,605"
"Apple AirPods Wireless Ear Buds, Bluetooth Headphones with Lightning Charging Case Included, Over 24 Hours of Battery Life, Effortless Setup for iPhone",,4.7 out of 5 stars,"633,700"
"JBL Live Free 2 - True Wireless Noise Cancelling Earbuds, Up to 35hrs of Playtime, 6 mics for Perfect Calls with Zero Noise, IPX5 Waterproof, Oval Tubes for Better Comfort, Isolation, & bass (Silver)",$119.95,4.2 out of 5 stars,"1,983"
"Puro Sound Labs: PuroPro Hybrid Active Noise Cancelling Volume Limiting Headphones, Wireless Over Ear Bluetooth Headphones, 32h Playtime, Hi-Res Audio, Memory Foam Ear Cups, for Travel and Home Office",$99.00,4.3 out of 5 stars,138
Need help?,,,or
Results,,,Check each product page for other buying options.
"Skullcandy Crusher Evo Wireless Bluetooth Headphones with Multi-Sensory Bass and Charging Cable, Noise Isolating Over-Ear Fit, Up to 40 Hours Battery, Microphone for iPhone Android - True Black",$94.99,4.7 out of 5 stars,"4,214"
"TOZO Hybrid Active Noise Cancelling Wireless Earbuds, 6 Mics ENC Clear Call, IPX8 Waterproof, in Ear Bluetooth 5.3 Headphones Stereo Bass Ear Buds 59H Playtime with LED Display 32 EQs via APP",$27.98,4.4 out of 5 stars,"7,866"
"Baseus Bass BC1 Open Ear Earbuds Clip-On Headphones, Open-Ring Comfort with Tri-Curve Snug Clip, Powerful Sound with SuperBass, 4-Mic Clear Calls, IP55 Waterproof, 38H Playtime, Lightweight",$27.54,4.3 out of 5 stars,138
"Logitech Zone Vibe 100 Lightweight Wireless Over Ear Headphones with Noise Canceling Microphone, Advanced Multipoint Bluetooth Headset, Works with Teams, Google Meet, Zoom, Mac/PC - Graphite",$99.99,3.9 out of 5 stars,"1,257"
"Monster Open Ear AC210 Headphones, Bluetooth 5.4 Earphones Stereo Sound, Wireless Headphones 30 Hours Playback, Type-C Charging, HD Clear Calls, Touch Control, IPX5 Waterproof Open Ear Earbuds,White",$25.49,4.6 out of 5 stars,41
Today's deals,$94.99,4.7 out of 5 stars,"4,214"
"Skullcandy Crusher Evo Wireless Bluetooth Headphones with Multi-Sensory Bass and Charging Cable, Noise Isolating Over-Ear Fit, Up to 40 Hours Battery, Microphone for iPhone Android - True Black",$94.99,4.7 out of 5 stars,"4,214"
"Puro Sound Labs: PuroPro Hybrid Active Noise Cancelling Volume Limiting Headphones, Wireless Over Ear Bluetooth Headphones, 32h Playtime, Hi-Res Audio, Memory Foam Ear Cups, for Travel and Home Office",$99.00,4.3 out of 5 stars,138
"Skullcandy Crusher ANC 2 Wireless Over-Ear Bluetooth Headphones with Multi-Sensory Bass and Charging Cable, Active Noise Cancelling, Up to 60 Hours Battery, Microphone for iPhone Android - True Black",$123.49,4.7 out of 5 stars,"1,860"
"Retekess TA005 Wireless Headphones for TV Watching, TV Headphones for Seniors with Transmitter, Support A/B Channel, AUX, RCA and Optical Input for Elderly, Family (Pack of 1)",$35.50,4.0 out of 5 stars,308
"TOZO Hybrid Active Noise Cancelling Wireless Earbuds, 6 Mics ENC Clear Call, IPX8 Waterproof, in Ear Bluetooth 5.3 Headphones Stereo Bass Ear Buds 59H Playtime with LED Display 32 EQs via APP",$27.98,4.4 out of 5 stars,"7,866"
More results,,,
Open Ear Earbuds Lightweight Comfort Clip Wireless Earbuds Sweat Resistant Bluetooth Headphones Sport Headphones for Workouts and Running with Dual Digital Display 44H Playtime IPX7 Waterproof,$16.14,4.4 out of 5 stars,838
"Marshall Major IV On-Ear Bluetooth Headphone, Black",$64.99,4.6 out of 5 stars,"16,494"
"Bluetooth Headset, Wireless Bluetooth Earpiece with LED Charging Case, Hands Free Noise Canceling Headphones with Dual-Mic for Computer Cell Phones Trucker Home Office Work - Black",$20.39,4.9 out of 5 stars,182
"Turtle Beach Stealth 500 Wireless Gaming Headset Licensed for Xbox Series X|S, Compatible with Xbox One, Bluetooth, PC, Mobile, 40 Hr Battery, Memory Foam Cushions, Flip-to-Mute Mic, Black",$79.06,4.3 out of 5 stars,"2,013"
"SteelSeries Arctis Nova 5 Wireless Multi-System Gaming Headset — Neodymium Magnetic Drivers — 100+ Audio Presets — 60 HR Battery — 2.4GHz or BT — ClearCast Gen2.X Mic — PC, PS5, PS4, Switch, Mobile",$148.00,4.3 out of 5 stars,"1,265"
4 stars and above,$99.00,4.3 out of 5 stars,| Based on star rating and number of customer ratings
"Puro Sound Labs: PuroPro Hybrid Active Noise Cancelling Volume Limiting Headphones, Wireless Over Ear Bluetooth Headphones, 32h Playtime, Hi-Res Audio, Memory Foam Ear Cups, for Travel and Home Office",$99.00,4.3 out of 5 stars,138
"Skullcandy Crusher ANC 2 Wireless Over-Ear Bluetooth Headphones with Multi-Sensory Bass and Charging Cable, Active Noise Cancelling, Up to 60 Hours Battery, Microphone for iPhone Android - True Black",$123.49,4.7 out of 5 stars,"1,860"
"RORSOU B10 Bluetooth Headphones Over Ear, Lightweight Folding Stereo Bass Wireless Headset with Mic, 50H Playtime, Volume Control, Bluetooth 5.3 Headphones for iPad/Travel/Tablet/PC (Black)",$17.99,4.5 out of 5 stars,"1,799"
"Small Bluetooth Headphones Wrap Around Head - Sports Wireless Headset with Built in Microphone and Crystal-Clear Sound, Foldable and Carried in The Purse, and 12-Hour Battery Life, Black",$28.49,4.1 out of 5 stars,"5,404"
"TOZO Hybrid Active Noise Cancelling Wireless Earbuds, 6 Mics ENC Clear Call, IPX8 Waterproof, in Ear Bluetooth 5.3 Headphones Stereo Bass Ear Buds 59H Playtime with LED Display 32 EQs via APP",$27.98,4.4 out of 5 stars,"7,866"
More results,,,
"Skullcandy Jib Wired Earbuds with 3.5mm Plug, Noise Isolating Fit, Built-In Microphone Call and Track Control, Convenient for Travel - Black",$7.41,4.5 out of 5 stars,"15,976"
"TREBLAB Z2 Active Noise Cancelling Workout Headphones - Signature-HD Sound, Deep Bass, 35H Battery, Comfortable, Foldable Over Ear Bluetooth Headphones Wireless. for Gym, Sport, Travel. Mic for Calls",$89.95,4.2 out of 5 stars,"7,164"
"JLab Go Air Tones+ True Wireless Earbuds Designed with Auto On and Connect, Touch Controls, 32+ Hours Bluetooth Playtime, EQ3 Sound, and Dual Connect, Natural Earthtone Color (1615 C)",$17.49,4.4 out of 5 stars,722
"LEVN Wireless Headset, Wireless Headset with Mic for Work, AI Noise Cancelling, 65 Hrs Working Time, Bluetooth Headphones with Microphone from Home/Computer/Call Center/Teams",$69.98,4.8 out of 5 stars,245
"PHILIPS TAT1108 Wireless Earbuds,True Wireless Headphones,Powerful Bass with 6 mm Driver,Clear Call with AI Mic,15-Hour Battery Life,Bluetooth v5.3,IPX4 Rating,Ergonomic Design for Comfort,Black",$34.95,3.9 out of 5 stars,"6,011"
"True Wireless Bone Conduction Earphones, OWS Open Ear Headphones with Earhooks, Bluetooth 5.3, Up to 60H Playtime with Case, IP68, AAC/SBC, for Cycling Yoga Workouts",$67.98,4.3 out of 5 stars,920
"JBL Live 670NC - Wireless On-Ear Headphones with Adaptive Noise Cancelling with Smart Ambient, Up to 65H Battery Life with Speed Charge, Lightweight, Comfortable and Foldable Design (Sandstone)",,4.4 out of 5 stars,702
"Headphones Wired with Microphone, Over Ear Foldable 3.5mm Plug in Headphones Corded with 4.9ft Tangle-Free Nylon Cord for Tablet, Laptop, MP3/4, School, Airplane Travel (Beige)",$9.98,4.4 out of 5 stars,542
"Belkin SoundForm Mini w/Case - Wireless Bluetooth Kids Headphones with 30H Battery Life, 85dB Safe Volume Limit, Built-in Microphone - Kids On-Ear Earphones for iPhone, iPad, & More - Pink",$30.95,4.5 out of 5 stars,"4,307"
"Sony ZX Series Wired On-Ear Headphones, Black MDR-ZX110",,4.5 out of 5 stars,"108,275"
"Logitech H390 Wired Headset for PC/Laptop, Stereo Headphones with Noise Cancelling Microphone, USB-A, In-Line Controls, Works with Chromebook",,4.3 out of 5 stars,"68,259"
"Logitech G733 Lightspeed Wireless Gaming Headset, Suspension Headband, Lightsync RGB, Blue VO!CE Mic, PRO-G Audio – Black, Gaming Headset Wireless, PC, PS5, PS4, Switch Compatible",,4.4 out of 5 stars,"17,859"
"Raycon Everyday Earbuds (2024 Edition) - Bluetooth True Wireless in-Ear Buds with 32 Hours Playtime, Multpoint Technology, Extreme Comfort, and Active Noise Cancellation (Blush Violet)",$55.99,4.2 out of 5 stars,"31,957"
"Wireless Earbuds, Bluetooth 5.4 Headphones HiFi Stereo, Bluetooth Earbuds with ENC Noise Cancelling Mic, IP7 Waterproof in Ear Earphones, 48H, LED Display Ear buds for Pad Workout Sports, White Purple",$21.99,4.5 out of 5 stars,"2,063"
"Poly - Voyager 4320 UC Wireless Headset (Plantronics) - Headphones with Boom Mic - Connect to PC/Mac via USB-A Bluetooth Adapter, Cell Phone via Bluetooth - Works with Teams, Zoom & More",$118.92,3.9 out of 5 stars,396
"RYR Wireless Gaming Headset for Xbox Series X|S, Xbox One, PS5, PS4, Mac, Bluetooth 5.3, 3D Surround Sound, Rotatable Earmuffs, Gaming Headphones with Noise Canceling Microphones-Blackgreen",$42.48,4.1 out of 5 stars,"1,043"
"Xbox Wireless Gaming Headset – Over Ear Headphones – Spatial Audio with Dolby Atmos, Windows Sonic Series X|S, One, Windows PC, Mobile – Carbon Black",$99.99,4.2 out of 5 stars,657
"Jabra Evolve 65 MS Wireless Headset, Stereo – Includes Link 370 USB Adapter – Bluetooth Headset with Industry-Leading Wireless Performance, Advanced Noise-Cancelling Microphone, All Day Battery",$184.99,4.0 out of 5 stars,"5,503"
"Wireless Earbuds Bluetooth 5.3 Headphones Sports, 48Hrs Playback Over Ear Buds with CVC8.0 Mic, Bass Stereo Bluetooth Earbuds with Earhooks, LED Display, IP7 Waterproof Earphones for Workout/Running",$21.24,4.6 out of 5 stars,427
"Puro Sound Labs: PuroPro Hybrid Active Noise Cancelling Volume Limiting Headphones, Wireless Over Ear Bluetooth Headphones, 32h Playtime, Hi-Res Audio, Memory Foam Ear Cups, for Travel and Home Office",$99.00,4.3 out of 5 stars,138
"TOZO Hybrid Active Noise Cancelling Wireless Earbuds, 10mm Drivers Deep Bass Stereo Sound, 4 Mics Smart ENC AI Calls, 32 EQ Customization via App, Bluetooth 5.4 Headphones, Crystal Case Design",$19.98,4.4 out of 5 stars,990
Need help?,,,or
